Timestamp,Signal Type,Price
2025-05-08 00:49:00,SELL,96999.99
2025-05-08 00:50:00,SELL,97051.39
2025-05-08 00:51:00,SELL,97079.97
2025-05-08 00:52:00,SELL,97099.97
2025-05-08 00:53:00,SELL,97149.01
2025-05-08 00:54:00,SELL,97180.0
2025-05-08 00:55:00,SELL,97190.0
2025-05-08 00:56:00,SELL,97334.13
2025-05-08 00:57:00,SELL,97574.17
2025-05-08 00:58:00,BUY,97616.01
2025-05-08 00:59:00,BUY,97770.01
2025-05-08 01:00:00,BUY,98145.09
2025-05-08 01:01:00,BUY,98163.85
2025-05-08 01:02:00,BUY,98211.45
2025-05-08 01:03:00,BUY,98349.99
2025-05-08 01:04:00,BUY,97976.41
2025-05-08 01:05:00,BUY,98007.94
2025-05-08 01:06:00,BUY,98058.0
2025-05-08 01:07:00,BUY,97989.5
2025-05-08 01:08:00,BUY,97960.0
2025-05-08 01:09:00,BUY,97960.37
2025-05-08 01:10:00,BUY,97851.99
2025-05-08 01:11:00,BUY,97790.36
2025-05-08 01:12:00,BUY,97779.29
2025-05-08 01:13:00,BUY,97856.22
2025-05-08 01:14:00,BUY,97857.14
2025-05-08 01:15:00,BUY,97678.35
2025-05-08 01:16:00,BUY,97828.01
2025-05-08 01:17:00,BUY,97780.01
2025-05-08 01:18:00,BUY,97772.01
2025-05-08 01:19:00,BUY,97804.31
2025-05-08 01:20:00,BUY,98077.39
2025-05-08 01:21:00,BUY,98045.75
2025-05-08 01:22:00,BUY,97986.6
2025-05-08 01:23:00,BUY,98013.98
2025-05-08 01:24:00,BUY,97976.19
2025-05-08 01:25:00,BUY,97951.95
2025-05-08 01:26:00,BUY,98058.27
2025-05-08 01:27:00,BUY,98000.01
2025-05-08 01:28:00,BUY,98040.0
2025-05-08 01:29:00,BUY,97982.52
2025-05-08 01:30:00,BUY,97900.01
2025-05-08 01:31:00,BUY,98010.01
2025-05-08 01:32:00,BUY,97986.93
2025-05-08 01:33:00,BUY,97921.33
2025-05-08 01:34:00,BUY,97963.53
2025-05-08 01:35:00,BUY,98007.94
2025-05-08 01:36:00,BUY,98000.0
2025-05-08 01:37:00,BUY,97996.79
2025-05-08 01:38:00,BUY,97996.97
2025-05-08 01:39:00,BUY,97958.01
2025-05-08 01:40:00,BUY,97860.24
2025-05-08 01:41:00,BUY,97884.69
2025-05-08 01:42:00,BUY,97881.02
2025-05-08 01:43:00,BUY,97817.46
2025-05-08 01:44:00,BUY,97831.17
2025-05-08 01:45:00,BUY,97930.15
2025-05-08 01:46:00,BUY,97816.8
2025-05-08 01:47:00,SELL,97803.99
2025-05-08 01:48:00,SELL,97757.99
2025-05-08 01:49:00,SELL,97803.75
2025-05-08 01:50:00,SELL,97857.14
2025-05-08 01:51:00,SELL,97823.64
2025-05-08 01:52:00,SELL,97837.47
2025-05-08 01:53:00,SELL,97735.09
2025-05-08 01:54:00,SELL,97745.1
2025-05-08 01:55:00,SELL,97729.26
2025-05-08 01:56:00,SELL,97730.47
2025-05-08 01:57:00,SELL,97767.38
2025-05-08 01:58:00,SELL,97798.39
2025-05-08 01:59:00,SELL,97816.21
2025-05-08 02:00:00,SELL,97959.99
2025-05-08 02:01:00,SELL,97967.73
2025-05-08 02:02:00,SELL,97949.35
2025-05-08 02:03:00,SELL,97904.79
2025-05-08 02:04:00,SELL,97899.99
2025-05-08 02:05:00,SELL,97999.99
2025-05-08 02:06:00,SELL,98011.33
2025-05-08 02:07:00,SELL,97925.83
2025-05-08 02:08:00,SELL,97917.51
2025-05-08 02:09:00,SELL,97927.96
2025-05-08 02:10:00,SELL,97957.24
2025-05-08 02:11:00,SELL,98000.01
2025-05-08 02:12:00,SELL,97980.01
2025-05-08 02:13:00,SELL,98011.37
2025-05-08 02:14:00,BUY,98058.78
2025-05-08 02:15:00,BUY,98100.26
2025-05-08 02:16:00,BUY,98230.15
2025-05-08 02:17:00,BUY,98160.12
2025-05-08 02:18:00,BUY,98236.3
2025-05-08 02:19:00,BUY,98187.67
2025-05-08 02:20:00,BUY,98192.49
2025-05-08 02:21:00,BUY,98228.0
2025-05-08 02:22:00,BUY,98213.05
2025-05-08 02:23:00,BUY,98262.62
2025-05-08 02:24:00,BUY,98330.01
2025-05-08 02:25:00,BUY,98456.99
2025-05-08 02:26:00,BUY,98492.37
2025-05-08 02:27:00,BUY,98543.63
2025-05-08 02:28:00,BUY,98542.13
2025-05-08 02:29:00,BUY,98594.34
2025-05-08 02:30:00,BUY,98687.48
2025-05-08 02:31:00,BUY,98750.0
2025-05-08 02:32:00,BUY,98734.13
2025-05-08 02:33:00,BUY,98659.35
2025-05-08 02:34:00,BUY,98637.4
2025-05-08 02:35:00,BUY,98727.15
2025-05-08 02:36:00,BUY,98785.83
2025-05-08 02:37:00,BUY,98719.38
2025-05-08 02:38:00,BUY,98670.0
2025-05-08 02:39:00,BUY,98639.01
2025-05-08 02:40:00,BUY,98685.99
2025-05-08 02:41:00,BUY,98653.36
2025-05-08 02:42:00,BUY,98642.06
2025-05-08 02:43:00,BUY,98704.72
2025-05-08 02:44:00,BUY,98683.82
2025-05-08 02:45:00,BUY,98768.34
2025-05-08 02:46:00,BUY,98724.32
2025-05-08 02:47:00,BUY,98776.95
2025-05-08 02:48:00,BUY,98799.58
2025-05-08 02:49:00,BUY,98791.52
2025-05-08 02:50:00,BUY,98830.99
2025-05-08 02:51:00,BUY,98817.01
2025-05-08 02:52:00,BUY,98777.7
2025-05-08 02:53:00,BUY,98772.73
2025-05-08 02:54:00,BUY,98725.27
2025-05-08 02:55:00,BUY,98654.84
2025-05-08 02:56:00,BUY,98680.02
2025-05-08 02:57:00,BUY,98653.78
2025-05-08 02:58:00,BUY,98683.17
2025-05-08 02:59:00,BUY,98681.99
2025-05-08 03:00:00,BUY,98653.97
2025-05-08 03:01:00,BUY,98585.01
2025-05-08 03:02:00,BUY,98558.67
2025-05-08 03:03:00,BUY,98628.27
2025-05-08 03:04:00,BUY,98662.65
2025-05-08 03:05:00,BUY,98722.99
2025-05-08 03:06:00,BUY,98720.01
2025-05-08 03:07:00,BUY,98706.34
2025-05-08 03:08:00,BUY,98714.29
2025-05-08 03:09:00,BUY,98793.99
2025-05-08 03:10:00,BUY,98862.41
2025-05-08 03:11:00,BUY,98771.18
2025-05-08 03:12:00,BUY,98726.2
2025-05-08 03:13:00,BUY,98769.0
2025-05-08 03:14:00,BUY,98776.32
2025-05-08 03:15:00,BUY,98698.95
2025-05-08 03:16:00,SELL,98734.29
2025-05-08 03:17:00,SELL,98738.59
2025-05-08 03:18:00,BUY,98810.23
2025-05-08 03:19:00,BUY,98745.95
2025-05-08 03:20:00,BUY,98812.0
2025-05-08 03:21:00,BUY,98804.62
2025-05-08 03:22:00,BUY,98760.14
2025-05-08 03:23:00,BUY,98758.24
2025-05-08 03:24:00,BUY,98800.01
2025-05-08 03:25:00,BUY,98809.52
2025-05-08 03:26:00,BUY,98839.98
2025-05-08 03:27:00,BUY,98806.5
2025-05-08 03:28:00,BUY,98806.48
2025-05-08 03:29:00,BUY,98809.52
2025-05-08 03:30:00,BUY,98828.0
2025-05-08 03:31:00,BUY,98800.0
2025-05-08 03:32:00,BUY,98766.14
2025-05-08 03:33:00,BUY,98727.52
2025-05-08 03:34:00,BUY,98746.7
2025-05-08 03:35:00,BUY,98814.46
2025-05-08 03:36:00,BUY,98816.73
2025-05-08 03:37:00,BUY,98806.07
2025-05-08 03:38:00,BUY,98800.36
2025-05-08 03:39:00,BUY,98791.0
2025-05-08 03:40:00,BUY,98809.53
2025-05-08 03:41:00,BUY,98923.42
2025-05-08 03:42:00,BUY,98965.28
2025-05-08 03:43:00,BUY,98980.0
2025-05-08 03:44:00,BUY,99108.82
2025-05-08 03:45:00,BUY,99045.05
2025-05-08 03:46:00,BUY,98952.4
2025-05-08 03:47:00,BUY,98915.99
2025-05-08 03:48:00,BUY,98862.32
2025-05-08 03:49:00,BUY,98985.18
2025-05-08 03:50:00,BUY,98927.0
2025-05-08 03:51:00,BUY,98958.25
2025-05-08 03:52:00,BUY,99021.97
2025-05-08 03:53:00,BUY,99005.95
2025-05-08 03:54:00,BUY,99010.78
2025-05-08 03:55:00,BUY,99018.0
2025-05-08 03:56:00,BUY,99024.75
2025-05-08 03:57:00,BUY,99121.84
2025-05-08 03:58:00,BUY,99169.99
2025-05-08 03:59:00,BUY,99152.79
2025-05-08 04:00:00,BUY,99233.67
2025-05-08 04:01:00,BUY,99217.19
2025-05-08 04:02:00,BUY,99173.23
2025-05-08 04:03:00,BUY,99147.29
2025-05-08 04:04:00,BUY,99236.98
2025-05-08 04:05:00,BUY,99325.07
2025-05-08 04:06:00,BUY,99367.46
2025-05-08 04:07:00,BUY,99363.63
2025-05-08 04:08:00,BUY,99319.64
2025-05-08 04:09:00,BUY,99213.18
2025-05-08 04:10:00,BUY,99154.71
2025-05-08 04:11:00,BUY,99199.96
2025-05-08 04:12:00,BUY,99236.06
2025-05-08 04:13:00,BUY,99160.02
2025-05-08 04:14:00,BUY,99205.36
2025-05-08 04:15:00,BUY,99274.52
2025-05-08 04:16:00,BUY,99329.58
2025-05-08 04:17:00,BUY,99324.99
2025-05-08 04:18:00,BUY,99311.11
2025-05-08 04:19:00,BUY,99389.49
2025-05-08 04:20:00,BUY,99389.49
2025-05-08 04:21:00,BUY,99356.0
2025-05-08 04:22:00,BUY,99364.99
2025-05-08 04:23:00,BUY,99306.51
2025-05-08 04:24:00,BUY,99299.99
2025-05-08 04:25:00,BUY,99339.2
2025-05-08 04:26:00,BUY,99263.53
2025-05-08 04:27:00,BUY,99327.51
2025-05-08 04:28:00,BUY,99332.99
2025-05-08 04:29:00,BUY,99350.52
2025-05-08 04:30:00,BUY,99280.0
2025-05-08 04:31:00,BUY,99317.12
2025-05-08 04:32:00,BUY,99330.78
2025-05-08 04:33:00,BUY,99276.1
2025-05-08 04:34:00,BUY,99298.78
2025-05-08 04:35:00,BUY,99278.48
2025-05-08 04:36:00,BUY,99250.39
2025-05-08 04:37:00,BUY,99339.63
2025-05-08 04:38:00,BUY,99281.99
2025-05-08 04:39:00,BUY,99295.0
2025-05-08 04:40:00,BUY,99288.38
2025-05-08 04:41:00,BUY,99203.23
2025-05-08 04:42:00,BUY,99199.99
2025-05-08 04:43:00,BUY,99171.36
2025-05-08 04:44:00,BUY,99150.0
2025-05-08 04:45:00,BUY,99192.0
2025-05-08 04:46:00,SELL,99129.29
2025-05-08 04:47:00,SELL,99183.15
2025-05-08 04:48:00,SELL,99105.49
2025-05-08 04:49:00,SELL,99082.61
2025-05-08 04:50:00,SELL,99045.53
2025-05-08 04:51:00,SELL,99020.0
2025-05-08 04:52:00,SELL,99015.04
2025-05-08 04:53:00,SELL,98980.01
2025-05-08 04:54:00,SELL,98982.58
2025-05-08 04:55:00,SELL,99000.0
2025-05-08 04:56:00,SELL,98986.02
2025-05-08 04:57:00,SELL,98947.18
2025-05-08 04:58:00,SELL,98947.17
2025-05-08 04:59:00,SELL,98954.32
2025-05-08 05:00:00,SELL,99000.0
2025-05-08 05:01:00,SELL,99001.72
2025-05-08 05:02:00,SELL,99019.92
2025-05-08 05:03:00,SELL,99000.0
2025-05-08 05:04:00,SELL,99070.55
2025-05-08 05:05:00,SELL,99065.0
2025-05-08 05:06:00,SELL,99081.13
2025-05-08 05:07:00,SELL,99078.0
2025-05-08 05:08:00,SELL,99048.86
2025-05-08 05:09:00,SELL,99011.41
2025-05-08 05:10:00,SELL,99005.25
2025-05-08 05:11:00,SELL,98938.0
2025-05-08 05:12:00,SELL,98905.89
2025-05-08 05:13:00,SELL,98956.0
2025-05-08 05:14:00,SELL,98918.11
2025-05-08 05:15:00,SELL,98894.5
2025-05-08 05:16:00,SELL,98886.0
2025-05-08 05:17:00,SELL,98843.49
2025-05-08 05:18:00,SELL,98847.21
2025-05-08 05:19:00,SELL,98844.52
2025-05-08 05:20:00,SELL,98891.97
2025-05-08 05:21:00,SELL,98840.04
2025-05-08 05:22:00,SELL,98840.02
2025-05-08 05:23:00,SELL,98837.33
2025-05-08 05:24:00,SELL,98826.93
2025-05-08 05:25:00,SELL,98823.71
2025-05-08 05:26:00,SELL,98782.6
2025-05-08 05:27:00,SELL,98877.96
2025-05-08 05:28:00,SELL,98896.82
2025-05-08 05:29:00,SELL,98935.99
2025-05-08 05:30:00,SELL,98922.1
2025-05-08 05:31:00,SELL,98912.46
2025-05-08 05:32:00,SELL,98885.61
2025-05-08 05:33:00,SELL,98865.08
2025-05-08 05:34:00,SELL,98895.07
2025-05-08 05:35:00,SELL,98889.02
2025-05-08 05:36:00,SELL,98887.35
2025-05-08 05:37:00,SELL,98870.7
2025-05-08 05:38:00,SELL,98834.27
2025-05-08 05:39:00,SELL,98859.88
2025-05-08 05:40:00,SELL,98861.83
2025-05-08 05:41:00,SELL,98842.31
2025-05-08 05:42:00,SELL,98806.29
2025-05-08 05:43:00,SELL,98856.38
2025-05-08 05:44:00,SELL,98859.99
2025-05-08 05:45:00,SELL,98860.0
2025-05-08 05:46:00,SELL,98859.98
2025-05-08 05:47:00,SELL,98860.0
2025-05-08 05:48:00,SELL,98874.04
2025-05-08 05:49:00,SELL,98854.01
2025-05-08 05:50:00,SELL,98847.82
2025-05-08 05:51:00,SELL,98802.62
2025-05-08 05:52:00,SELL,98798.61
2025-05-08 05:53:00,SELL,98777.55
2025-05-08 05:54:00,SELL,98747.54
2025-05-08 05:55:00,SELL,98773.49
2025-05-08 05:56:00,SELL,98738.09
2025-05-08 05:57:00,SELL,98750.11
2025-05-08 05:58:00,SELL,98743.22
2025-05-08 05:59:00,SELL,98740.61
2025-05-08 06:00:00,SELL,98777.55
2025-05-08 06:01:00,SELL,98756.03
2025-05-08 06:02:00,SELL,98773.02
2025-05-08 06:03:00,SELL,98750.68
2025-05-08 06:04:00,SELL,98763.0
2025-05-08 06:05:00,SELL,98784.89
2025-05-08 06:06:00,SELL,98809.53
2025-05-08 06:07:00,SELL,98827.99
2025-05-08 06:08:00,SELL,98846.99
2025-05-08 06:09:00,SELL,98857.11
2025-05-08 06:10:00,SELL,98833.33
2025-05-08 06:11:00,SELL,98839.85
2025-05-08 06:12:00,SELL,98877.22
2025-05-08 06:13:00,SELL,98884.7
2025-05-08 06:14:00,SELL,98896.83
2025-05-08 06:15:00,SELL,98886.38
2025-05-08 06:16:00,SELL,98868.01
2025-05-08 06:17:00,SELL,98868.01
2025-05-08 06:18:00,SELL,98819.99
2025-05-08 06:19:00,SELL,98843.87
2025-05-08 06:20:00,BUY,98878.48
2025-05-08 06:21:00,BUY,98825.39
2025-05-08 06:22:00,BUY,98866.79
2025-05-08 06:23:00,BUY,98827.24
2025-05-08 06:24:00,BUY,98852.18
2025-05-08 06:25:00,BUY,98836.09
2025-05-08 06:26:00,BUY,98858.42
2025-05-08 06:27:00,BUY,98848.0
2025-05-08 06:28:00,BUY,98835.74
2025-05-08 06:29:00,BUY,98835.27
2025-05-08 06:30:00,BUY,98835.74
2025-05-08 06:31:00,BUY,98810.33
2025-05-08 06:32:00,BUY,98810.33
2025-05-08 06:33:00,BUY,98801.58
2025-05-08 06:34:00,BUY,98830.76
2025-05-08 06:35:00,BUY,98824.0
2025-05-08 06:36:00,BUY,98845.17
2025-05-08 06:37:00,BUY,98845.18
2025-05-08 06:38:00,BUY,98879.99
2025-05-08 06:39:00,BUY,98868.56
2025-05-08 06:40:00,BUY,98877.33
2025-05-08 06:41:00,BUY,98869.09
2025-05-08 06:42:00,BUY,98886.35
2025-05-08 06:43:00,BUY,98901.0
2025-05-08 06:44:00,BUY,98911.8
2025-05-08 06:45:00,BUY,98929.98
2025-05-08 06:46:00,BUY,98924.14
2025-05-08 06:47:00,BUY,98885.06
2025-05-08 06:48:00,BUY,98866.71
2025-05-08 06:49:00,BUY,98905.06
2025-05-08 06:50:00,BUY,98969.99
2025-05-08 06:51:00,BUY,98946.98
2025-05-08 06:52:00,BUY,98945.66
2025-05-08 06:53:00,BUY,98980.0
2025-05-08 06:54:00,BUY,98979.99
2025-05-08 06:55:00,BUY,98980.0
2025-05-08 06:56:00,BUY,98997.01
2025-05-08 06:57:00,BUY,98987.49
2025-05-08 06:58:00,BUY,99015.29
2025-05-08 06:59:00,BUY,99039.99
2025-05-08 07:00:00,BUY,99043.65
2025-05-08 07:01:00,BUY,99087.31
2025-05-08 07:02:00,BUY,99080.01
2025-05-08 07:03:00,BUY,99048.0
2025-05-08 07:04:00,BUY,99050.0
2025-05-08 07:05:00,BUY,99048.0
2025-05-08 07:06:00,BUY,99099.99
2025-05-08 07:07:00,BUY,99134.96
2025-05-08 07:08:00,BUY,99149.99
2025-05-08 07:09:00,BUY,99169.85
2025-05-08 07:10:00,BUY,99151.73
2025-05-08 07:11:00,BUY,99151.74
2025-05-08 07:12:00,BUY,99151.73
2025-05-08 07:13:00,BUY,99118.57
2025-05-08 07:14:00,BUY,99133.44
2025-05-08 07:15:00,BUY,99149.05
2025-05-08 07:16:00,BUY,99139.99
2025-05-08 07:17:00,BUY,99139.99
2025-05-08 07:18:00,BUY,99126.88
2025-05-08 07:19:00,BUY,99171.99
2025-05-08 07:20:00,BUY,99179.5
2025-05-08 07:21:00,BUY,99199.99
2025-05-08 07:22:00,BUY,99196.94
2025-05-08 07:23:00,BUY,99292.0
2025-05-08 07:24:00,BUY,99274.01
2025-05-08 07:25:00,BUY,99251.39
2025-05-08 07:26:00,BUY,99232.91
2025-05-08 07:27:00,BUY,99237.59
2025-05-08 07:28:00,BUY,99259.99
2025-05-08 07:29:00,BUY,99319.47
2025-05-08 07:30:00,BUY,99240.01
2025-05-08 07:31:00,BUY,99240.26
2025-05-08 07:32:00,BUY,99214.59
2025-05-08 07:33:00,BUY,99354.39
2025-05-08 07:34:00,BUY,99332.02
2025-05-08 07:35:00,BUY,99279.62
2025-05-08 07:36:00,BUY,99228.5
2025-05-08 07:37:00,BUY,99220.0
2025-05-08 07:38:00,BUY,99229.17
2025-05-08 07:39:00,BUY,99239.13
2025-05-08 07:40:00,BUY,99240.36
2025-05-08 07:41:00,BUY,99250.0
2025-05-08 07:42:00,BUY,99299.99
2025-05-08 07:43:00,BUY,99245.43
2025-05-08 07:44:00,BUY,99345.91
2025-05-08 07:45:00,BUY,99288.13
2025-05-08 07:46:00,BUY,99270.0
2025-05-08 07:47:00,BUY,99262.3
2025-05-08 07:48:00,BUY,99268.93
2025-05-08 07:49:00,BUY,99268.92
2025-05-08 07:50:00,BUY,99291.05
2025-05-08 07:51:00,BUY,99285.71
2025-05-08 07:52:00,BUY,99220.54
2025-05-08 07:53:00,BUY,99215.54
2025-05-08 07:54:00,BUY,99206.86
2025-05-08 07:55:00,BUY,99235.15
2025-05-08 07:56:00,BUY,99209.56
2025-05-08 07:57:00,BUY,99239.13
2025-05-08 07:58:00,BUY,99239.13
2025-05-08 07:59:00,BUY,99252.34
2025-05-08 08:00:00,BUY,99221.59
2025-05-08 08:01:00,BUY,99266.31
2025-05-08 08:02:00,BUY,99319.84
2025-05-08 08:03:00,BUY,99333.33
2025-05-08 08:04:00,BUY,99368.71
2025-05-08 08:05:00,BUY,99382.01
2025-05-08 08:06:00,BUY,99396.82
2025-05-08 08:07:00,BUY,99600.0
2025-05-08 08:08:00,BUY,99491.64
2025-05-08 08:09:00,BUY,99468.67
2025-05-08 08:10:00,BUY,99519.99
2025-05-08 08:11:00,BUY,99462.96
2025-05-08 08:12:00,BUY,99484.42
2025-05-08 08:13:00,BUY,99468.81
2025-05-08 08:14:00,BUY,99482.36
2025-05-08 08:15:00,BUY,99523.81
2025-05-08 08:16:00,BUY,99614.57
2025-05-08 08:17:00,BUY,99609.14
2025-05-08 08:18:00,BUY,99577.36
2025-05-08 08:19:00,BUY,99621.47
2025-05-08 08:20:00,BUY,99664.01
2025-05-08 08:21:00,BUY,99639.37
2025-05-08 08:22:00,BUY,99600.0
2025-05-08 08:23:00,BUY,99530.55
2025-05-08 08:24:00,BUY,99540.5
2025-05-08 08:25:00,BUY,99536.04
2025-05-08 08:26:00,BUY,99501.29
2025-05-08 08:27:00,BUY,99550.23
2025-05-08 08:28:00,BUY,99550.23
2025-05-08 08:29:00,BUY,99534.61
2025-05-08 08:30:00,BUY,99436.51
2025-05-08 08:31:00,BUY,99463.42
2025-05-08 08:32:00,BUY,99474.6
2025-05-08 08:33:00,BUY,99504.58
2025-05-08 08:34:00,BUY,99511.27
2025-05-08 08:35:00,BUY,99511.27
2025-05-08 08:36:00,BUY,99511.1
2025-05-08 08:37:00,BUY,99528.15
2025-05-08 08:38:00,BUY,99540.06
2025-05-08 08:39:00,BUY,99569.95
2025-05-08 08:40:00,BUY,99602.27
2025-05-08 08:41:00,BUY,99639.59
2025-05-08 08:42:00,BUY,99630.0
2025-05-08 08:43:00,BUY,99629.87
2025-05-08 08:44:00,BUY,99631.07
2025-05-08 08:45:00,BUY,99630.29
2025-05-08 08:46:00,BUY,99696.11
2025-05-08 08:47:00,BUY,99676.6
2025-05-08 08:48:00,BUY,99729.0
2025-05-08 08:49:00,BUY,99749.09
2025-05-08 08:50:00,BUY,99677.82
2025-05-08 08:51:00,BUY,99651.72
2025-05-08 08:52:00,BUY,99641.74
2025-05-08 08:53:00,BUY,99725.26
2025-05-08 08:54:00,BUY,99755.75
2025-05-08 08:55:00,BUY,99703.81
2025-05-08 08:56:00,BUY,99683.54
2025-05-08 08:57:00,BUY,99657.07
2025-05-08 08:58:00,BUY,99699.0
2025-05-08 08:59:00,BUY,99666.66
2025-05-08 09:00:00,BUY,99640.22
2025-05-08 09:01:00,BUY,99629.41
2025-05-08 09:02:00,BUY,99634.15
2025-05-08 09:03:00,BUY,99630.0
2025-05-08 09:04:00,BUY,99557.15
2025-05-08 09:05:00,BUY,99603.71
2025-05-08 09:06:00,BUY,99615.99
2025-05-08 09:07:00,BUY,99615.98
2025-05-08 09:08:00,BUY,99615.98
2025-05-08 09:09:00,BUY,99615.99
2025-05-08 09:10:00,BUY,99600.0
2025-05-08 09:11:00,BUY,99587.99
2025-05-08 09:12:00,BUY,99584.91
2025-05-08 09:13:00,BUY,99568.58
2025-05-08 09:14:00,BUY,99581.62
2025-05-08 09:15:00,BUY,99587.31
2025-05-08 09:16:00,BUY,99563.99
2025-05-08 09:17:00,BUY,99587.31
2025-05-08 09:18:00,SELL,99599.99
2025-05-08 09:19:00,SELL,99600.79
2025-05-08 09:20:00,SELL,99657.3
2025-05-08 09:21:00,SELL,99657.3
2025-05-08 09:22:00,SELL,99643.34
2025-05-08 09:23:00,SELL,99660.0
2025-05-08 09:24:00,SELL,99667.99
2025-05-08 09:25:00,SELL,99677.23
2025-05-08 09:26:00,SELL,99638.8
2025-05-08 09:27:00,SELL,99569.95
2025-05-08 09:28:00,SELL,99615.2
2025-05-08 09:29:00,SELL,99650.79
2025-05-08 09:30:00,SELL,99612.3
2025-05-08 09:31:00,SELL,99609.65
2025-05-08 09:32:00,SELL,99569.99
2025-05-08 09:33:00,SELL,99566.41
2025-05-08 09:34:00,SELL,99570.38
2025-05-08 09:35:00,SELL,99570.38
2025-05-08 09:36:00,SELL,99584.0
2025-05-08 09:37:00,SELL,99550.48
2025-05-08 09:38:00,SELL,99538.36
2025-05-08 09:39:00,SELL,99559.42
2025-05-08 09:40:00,SELL,99565.45
2025-05-08 09:41:00,SELL,99599.99
2025-05-08 09:42:00,SELL,99590.86
2025-05-08 09:43:00,SELL,99566.58
2025-05-08 09:44:00,SELL,99590.86
2025-05-08 09:45:00,SELL,99599.99
2025-05-08 09:46:00,SELL,99619.04
2025-05-08 09:47:00,SELL,99634.4
2025-05-08 09:48:00,SELL,99641.76
2025-05-08 09:49:00,SELL,99670.53
2025-05-08 09:50:00,SELL,99657.98
2025-05-08 09:51:00,SELL,99699.99
2025-05-08 09:52:00,SELL,99740.0
2025-05-08 09:53:00,BUY,99761.91
2025-05-08 09:54:00,BUY,99798.61
2025-05-08 09:55:00,BUY,99800.01
2025-05-08 09:56:00,BUY,99757.7
2025-05-08 09:57:00,BUY,99747.45
2025-05-08 09:58:00,BUY,99747.46
2025-05-08 09:59:00,BUY,99790.97
2025-05-08 10:00:00,BUY,99714.61
2025-05-08 10:01:00,BUY,99740.01
2025-05-08 10:02:00,BUY,99730.7
2025-05-08 10:03:00,BUY,99745.4
2025-05-08 10:04:00,BUY,99800.0
2025-05-08 10:05:00,BUY,99800.34
2025-05-08 10:06:00,BUY,99800.0
2025-05-08 10:07:00,BUY,99735.12
2025-05-08 10:08:00,BUY,99714.28
2025-05-08 10:09:00,BUY,99700.0
2025-05-08 10:10:00,BUY,99699.99
2025-05-08 10:11:00,BUY,99709.98
2025-05-08 10:12:00,BUY,99720.63
2025-05-08 10:13:00,BUY,99741.98
2025-05-08 10:14:00,BUY,99685.16
2025-05-08 10:15:00,BUY,99685.17
2025-05-08 10:16:00,BUY,99757.67
2025-05-08 10:17:00,BUY,99788.74
2025-05-08 10:18:00,BUY,99812.24
2025-05-08 10:19:00,BUY,99812.24
2025-05-08 10:20:00,BUY,99785.7
2025-05-08 10:21:00,BUY,99784.01
2025-05-08 10:22:00,BUY,99799.98
2025-05-08 10:23:00,BUY,99810.61
2025-05-08 10:24:00,BUY,99810.61
2025-05-08 10:25:00,BUY,99805.67
2025-05-08 10:26:00,BUY,99799.99
2025-05-08 10:27:00,BUY,99810.0
2025-05-08 10:28:00,BUY,99809.98
2025-05-08 10:29:00,BUY,99818.0
2025-05-08 10:30:00,BUY,99816.44
2025-05-08 10:31:00,BUY,99797.91
2025-05-08 10:32:00,BUY,99818.69
2025-05-08 10:33:00,BUY,99792.23
2025-05-08 10:34:00,BUY,99756.57
2025-05-08 10:35:00,BUY,99768.8
2025-05-08 10:36:00,BUY,99780.0
2025-05-08 10:37:00,BUY,99775.15
2025-05-08 10:38:00,BUY,99779.99
2025-05-08 10:39:00,BUY,99750.97
2025-05-08 10:40:00,BUY,99776.32
2025-05-08 10:41:00,BUY,99786.59
2025-05-08 10:42:00,BUY,99772.23
2025-05-08 10:43:00,BUY,99772.22
2025-05-08 10:44:00,BUY,99772.23
2025-05-08 10:45:00,BUY,99790.79
2025-05-08 10:46:00,BUY,99777.03
2025-05-08 10:47:00,BUY,99789.83
2025-05-08 10:48:00,BUY,99789.84
2025-05-08 10:49:00,BUY,99813.59
2025-05-08 10:50:00,BUY,99796.8
2025-05-08 10:51:00,BUY,99793.99
2025-05-08 10:52:00,BUY,99794.0
2025-05-08 10:53:00,BUY,99780.01
2025-05-08 10:54:00,BUY,99778.13
2025-05-08 10:55:00,BUY,99841.26
2025-05-08 10:56:00,BUY,99831.29
2025-05-08 10:57:00,BUY,99843.96
2025-05-08 10:58:00,BUY,99835.02
2025-05-08 10:59:00,BUY,99780.67
2025-05-08 11:00:00,BUY,99771.22
2025-05-08 11:01:00,BUY,99690.98
2025-05-08 11:02:00,BUY,99660.0
2025-05-08 11:03:00,SELL,99689.88
2025-05-08 11:04:00,SELL,99690.56
2025-05-08 11:05:00,SELL,99682.12
2025-05-08 11:06:00,SELL,99657.24
2025-05-08 11:07:00,SELL,99630.73
2025-05-08 11:08:00,SELL,99646.0
2025-05-08 11:09:00,SELL,99646.0
2025-05-08 11:10:00,SELL,99660.01
2025-05-08 11:11:00,SELL,99676.01
2025-05-08 11:12:00,SELL,99651.54
2025-05-08 11:13:00,SELL,99622.84
2025-05-08 11:14:00,SELL,99619.05
2025-05-08 11:15:00,SELL,99615.79
2025-05-08 11:16:00,SELL,99639.06
2025-05-08 11:17:00,SELL,99679.77
2025-05-08 11:18:00,SELL,99644.01
2025-05-08 11:19:00,SELL,99619.05
2025-05-08 11:20:00,SELL,99561.07
2025-05-08 11:21:00,SELL,99540.0
2025-05-08 11:22:00,SELL,99541.42
2025-05-08 11:23:00,SELL,99524.03
2025-05-08 11:24:00,SELL,99541.41
2025-05-08 11:25:00,SELL,99541.41
2025-05-08 11:26:00,SELL,99558.91
2025-05-08 11:27:00,SELL,99534.43
2025-05-08 11:28:00,SELL,99518.95
2025-05-08 11:29:00,SELL,99490.0
2025-05-08 11:30:00,SELL,99494.81
2025-05-08 11:31:00,SELL,99499.62
2025-05-08 11:32:00,SELL,99486.51
2025-05-08 11:33:00,SELL,99452.46
2025-05-08 11:34:00,SELL,99448.62
2025-05-08 11:35:00,SELL,99469.53
2025-05-08 11:36:00,SELL,99516.96
2025-05-08 11:37:00,SELL,99498.94
2025-05-08 11:38:00,SELL,99540.0
2025-05-08 11:39:00,SELL,99549.6
2025-05-08 11:40:00,SELL,99569.1
2025-05-08 11:41:00,SELL,99569.98
2025-05-08 11:42:00,SELL,99551.58
2025-05-08 11:43:00,SELL,99531.99
2025-05-08 11:44:00,SELL,99562.49
2025-05-08 11:45:00,SELL,99559.14
2025-05-08 11:46:00,SELL,99524.74
2025-05-08 11:47:00,SELL,99520.46
2025-05-08 11:48:00,SELL,99513.76
2025-05-08 11:49:00,SELL,99513.77
2025-05-08 11:50:00,SELL,99523.72
2025-05-08 11:51:00,SELL,99535.47
2025-05-08 11:52:00,SELL,99504.68
2025-05-08 11:53:00,SELL,99494.02
2025-05-08 11:54:00,SELL,99465.53
2025-05-08 11:55:00,SELL,99459.91
2025-05-08 11:56:00,SELL,99450.0
2025-05-08 11:57:00,SELL,99429.22
2025-05-08 11:58:00,SELL,99406.54
2025-05-08 11:59:00,SELL,99409.14
2025-05-08 12:00:00,SELL,99429.28
2025-05-08 12:01:00,SELL,99453.14
2025-05-08 12:02:00,SELL,99424.67
2025-05-08 12:03:00,SELL,99456.01
2025-05-08 12:04:00,SELL,99462.0
2025-05-08 12:05:00,SELL,99461.97
2025-05-08 12:06:00,SELL,99464.28
2025-05-08 12:07:00,SELL,99412.92
2025-05-08 12:08:00,SELL,99417.89
2025-05-08 12:09:00,SELL,99428.57
2025-05-08 12:10:00,SELL,99428.58
2025-05-08 12:11:00,SELL,99428.58
2025-05-08 12:12:00,SELL,99474.83
2025-05-08 12:13:00,SELL,99441.3
2025-05-08 12:14:00,SELL,99383.82
2025-05-08 12:15:00,SELL,99400.0
2025-05-08 12:16:00,SELL,99415.0
2025-05-08 12:17:00,SELL,99427.22
2025-05-08 12:18:00,SELL,99437.91
2025-05-08 12:19:00,SELL,99436.0
2025-05-08 12:20:00,SELL,99471.43
2025-05-08 12:21:00,SELL,99474.21
2025-05-08 12:22:00,SELL,99469.31
2025-05-08 12:23:00,SELL,99500.0
2025-05-08 12:24:00,SELL,99538.49
2025-05-08 12:25:00,SELL,99489.3
2025-05-08 12:26:00,SELL,99510.82
2025-05-08 12:27:00,SELL,99480.9
2025-05-08 12:28:00,SELL,99445.07
2025-05-08 12:29:00,SELL,99412.52
2025-05-08 12:30:00,SELL,99446.03
2025-05-08 12:31:00,SELL,99480.09
2025-05-08 12:32:00,SELL,99431.13
2025-05-08 12:33:00,SELL,99501.15
2025-05-08 12:34:00,SELL,99483.24
2025-05-08 12:35:00,BUY,99366.85
2025-05-08 12:36:00,BUY,99353.98
2025-05-08 12:37:00,BUY,99333.47
2025-05-08 12:38:00,SELL,99309.8
2025-05-08 12:39:00,SELL,99285.72
2025-05-08 12:40:00,SELL,99290.02
2025-05-08 12:41:00,SELL,99293.13
2025-05-08 12:42:00,SELL,99275.98
2025-05-08 12:43:00,SELL,99264.44
2025-05-08 12:44:00,SELL,99292.98
2025-05-08 12:45:00,SELL,99320.19
2025-05-08 12:46:00,SELL,99334.01
2025-05-08 12:47:00,SELL,99329.57
2025-05-08 12:48:00,SELL,99329.57
2025-05-08 12:49:00,SELL,99396.83
2025-05-08 12:50:00,SELL,99431.02
2025-05-08 12:51:00,SELL,99441.51
2025-05-08 12:52:00,SELL,99396.83
2025-05-08 12:53:00,SELL,99359.82
2025-05-08 12:54:00,SELL,99359.82
2025-05-08 12:55:00,SELL,99383.96
2025-05-08 12:56:00,SELL,99370.19
2025-05-08 12:57:00,SELL,99276.75
2025-05-08 12:58:00,SELL,99275.1
2025-05-08 12:59:00,SELL,99287.97
2025-05-08 13:00:00,SELL,99321.25
2025-05-08 13:01:00,SELL,99336.24
2025-05-08 13:02:00,SELL,99372.36
2025-05-08 13:03:00,SELL,99364.09
2025-05-08 13:04:00,SELL,99392.38
2025-05-08 13:05:00,SELL,99317.47
2025-05-08 13:06:00,SELL,99281.16
2025-05-08 13:07:00,SELL,99286.19
2025-05-08 13:08:00,SELL,99253.87
2025-05-08 13:09:00,SELL,99262.74
2025-05-08 13:10:00,SELL,99284.93
2025-05-08 13:11:00,SELL,99280.91
2025-05-08 13:12:00,SELL,99270.03
2025-05-08 13:13:00,SELL,99260.83
2025-05-08 13:14:00,SELL,99260.83
2025-05-08 13:15:00,SELL,99254.32
2025-05-08 13:16:00,SELL,99275.9
2025-05-08 13:17:00,SELL,99300.0
2025-05-08 13:18:00,SELL,99300.0
2025-05-08 13:19:00,SELL,99333.64
2025-05-08 13:20:00,SELL,99343.87
2025-05-08 13:21:00,SELL,99335.91
2025-05-08 13:22:00,SELL,99352.8
2025-05-08 13:23:00,SELL,99327.23
2025-05-08 13:24:00,SELL,99370.21
2025-05-08 13:25:00,SELL,99398.51
2025-05-08 13:26:00,SELL,99413.01
2025-05-08 13:27:00,SELL,99386.88
2025-05-08 13:28:00,SELL,99386.89
2025-05-08 13:29:00,SELL,99418.71
2025-05-08 13:30:00,BUY,99474.4
2025-05-08 13:31:00,BUY,99484.34
2025-05-08 13:32:00,BUY,99359.97
2025-05-08 13:33:00,BUY,99406.93
2025-05-08 13:34:00,BUY,99480.79
2025-05-08 13:35:00,BUY,99605.67
2025-05-08 13:36:00,BUY,99633.86
2025-05-08 13:37:00,BUY,99562.1
2025-05-08 13:38:00,BUY,99319.52
2025-05-08 13:39:00,BUY,99292.89
2025-05-08 13:40:00,BUY,99320.24
2025-05-08 13:41:00,BUY,99359.49
2025-05-08 13:42:00,BUY,99288.93
2025-05-08 13:43:00,BUY,99316.17
2025-05-08 13:44:00,BUY,99307.99
2025-05-08 13:45:00,BUY,99307.98
2025-05-08 13:46:00,BUY,99220.21
2025-05-08 13:47:00,BUY,99192.02
2025-05-08 13:48:00,BUY,99121.36
2025-05-08 13:49:00,BUY,99118.86
2025-05-08 13:50:00,BUY,99195.04
2025-05-08 13:51:00,BUY,99291.99
2025-05-08 13:52:00,SELL,99257.66
2025-05-08 13:53:00,SELL,99290.71
2025-05-08 13:54:00,SELL,99260.68
2025-05-08 13:55:00,SELL,99327.57
2025-05-08 13:56:00,SELL,99354.91
2025-05-08 13:57:00,SELL,99359.18
2025-05-08 13:58:00,SELL,99275.61
2025-05-08 13:59:00,SELL,99290.03
2025-05-08 14:00:00,SELL,99322.41
2025-05-08 14:01:00,SELL,99286.39
2025-05-08 14:02:00,SELL,99376.4
2025-05-08 14:03:00,SELL,99396.57
2025-05-08 14:04:00,SELL,99373.38
2025-05-08 14:05:00,SELL,99391.9
2025-05-08 14:06:00,SELL,99409.25
2025-05-08 14:07:00,SELL,99441.57
2025-05-08 14:08:00,SELL,99360.0
2025-05-08 14:09:00,SELL,99349.94
2025-05-08 14:10:00,SELL,99407.97
2025-05-08 14:11:00,SELL,99253.67
2025-05-08 14:12:00,SELL,99190.48
2025-05-08 14:13:00,SELL,99262.01
2025-05-08 14:14:00,SELL,99174.6
2025-05-08 14:15:00,SELL,99252.0
2025-05-08 14:16:00,SELL,99278.0
2025-05-08 14:17:00,SELL,99380.95
2025-05-08 14:18:00,SELL,99360.46
2025-05-08 14:19:00,SELL,99393.43
2025-05-08 14:20:00,BUY,99416.82
2025-05-08 14:21:00,BUY,99441.56
2025-05-08 14:22:00,BUY,99451.0
2025-05-08 14:23:00,BUY,99428.58
2025-05-08 14:24:00,BUY,99447.85
2025-05-08 14:25:00,BUY,99511.93
2025-05-08 14:26:00,BUY,99511.94
2025-05-08 14:27:00,BUY,99511.94
2025-05-08 14:28:00,BUY,99449.97
2025-05-08 14:29:00,BUY,99499.99
2025-05-08 14:30:00,BUY,99563.73
2025-05-08 14:31:00,BUY,99603.96
2025-05-08 14:32:00,BUY,99697.67
2025-05-08 14:33:00,BUY,99780.84
2025-05-08 14:34:00,BUY,99762.26
2025-05-08 14:35:00,BUY,99676.14
2025-05-08 14:36:00,BUY,99619.05
2025-05-08 14:37:00,BUY,99610.64
2025-05-08 14:38:00,BUY,99614.06
2025-05-08 14:39:00,BUY,99564.55
2025-05-08 14:40:00,BUY,99587.31
2025-05-08 14:41:00,BUY,99608.87
2025-05-08 14:42:00,BUY,99594.13
2025-05-08 14:43:00,BUY,99532.98
2025-05-08 14:44:00,BUY,99628.0
2025-05-08 14:45:00,BUY,99587.38
2025-05-08 14:46:00,BUY,99619.04
2025-05-08 14:47:00,BUY,99614.52
2025-05-08 14:48:00,BUY,99687.57
2025-05-08 14:49:00,BUY,99658.04
2025-05-08 14:50:00,BUY,99792.0
2025-05-08 14:51:00,BUY,99809.53
2025-05-08 14:52:00,BUY,99784.0
2025-05-08 14:53:00,BUY,99709.99
2025-05-08 14:54:00,BUY,99624.0
2025-05-08 14:55:00,BUY,99436.17
2025-05-08 14:56:00,BUY,99413.89
2025-05-08 14:57:00,BUY,99523.81
2025-05-08 14:58:00,BUY,99449.72
2025-05-08 14:59:00,BUY,99371.95
2025-05-08 15:00:00,BUY,99418.01
2025-05-08 15:01:00,BUY,99469.99
2025-05-08 15:02:00,BUY,99428.58
2025-05-08 15:03:00,BUY,99365.07
2025-05-08 15:04:00,BUY,99340.19
2025-05-08 15:05:00,BUY,99453.98
2025-05-08 15:06:00,SELL,99500.36
2025-05-08 15:07:00,SELL,99509.76
2025-05-08 15:08:00,SELL,99527.56
2025-05-08 15:09:00,SELL,99640.31
2025-05-08 15:10:00,SELL,99662.44
2025-05-08 15:11:00,SELL,99629.88
2025-05-08 15:12:00,SELL,99619.05
2025-05-08 15:13:00,SELL,99682.54
2025-05-08 15:14:00,SELL,99746.03
2025-05-08 15:15:00,SELL,99720.0
2025-05-08 15:16:00,SELL,99739.84
2025-05-08 15:17:00,SELL,99766.53
2025-05-08 15:18:00,SELL,99759.99
2025-05-08 15:19:00,SELL,99769.98
2025-05-08 15:20:00,SELL,99873.73
2025-05-08 15:21:00,BUY,99684.95
2025-05-08 15:22:00,BUY,99928.26
2025-05-08 15:23:00,BUY,99968.26
2025-05-08 15:24:00,BUY,100470.59
2025-05-08 15:25:00,BUY,100466.03
2025-05-08 15:26:00,BUY,100537.95
2025-05-08 15:27:00,BUY,100632.03
2025-05-08 15:28:00,BUY,100867.6
2025-05-08 15:29:00,BUY,100634.94
2025-05-08 15:30:00,BUY,100518.0
2025-05-08 15:31:00,BUY,100500.13
2025-05-08 15:32:00,BUY,100756.68
2025-05-08 15:33:00,BUY,100652.8
2025-05-08 15:34:00,BUY,100620.02
2025-05-08 15:35:00,BUY,100675.55
2025-05-08 15:36:00,BUY,100654.72
2025-05-08 15:37:00,BUY,100760.39
2025-05-08 15:38:00,BUY,100667.36
2025-05-08 15:39:00,BUY,100997.59
2025-05-08 15:40:00,BUY,101229.78
2025-05-08 15:41:00,BUY,101280.0
2025-05-08 15:42:00,BUY,101447.59
2025-05-08 15:43:00,BUY,101510.74
2025-05-08 15:44:00,BUY,101269.85
2025-05-08 15:45:00,BUY,101170.0
2025-05-08 15:46:00,BUY,101246.78
2025-05-08 15:47:00,BUY,101240.01
2025-05-08 15:48:00,BUY,101366.0
2025-05-08 15:49:00,BUY,101333.35
2025-05-08 15:50:00,BUY,101412.08
2025-05-08 15:51:00,BUY,101288.04
2025-05-08 15:52:00,BUY,100843.18
2025-05-08 15:53:00,BUY,100893.73
2025-05-08 15:54:00,BUY,100862.68
2025-05-08 15:55:00,BUY,100838.76
2025-05-08 15:56:00,BUY,100800.86
2025-05-08 15:57:00,BUY,100833.99
2025-05-08 15:58:00,BUY,100778.01
2025-05-08 15:59:00,BUY,100758.08
2025-05-08 16:00:00,BUY,100990.0
2025-05-08 16:01:00,BUY,100861.13
2025-05-08 16:02:00,BUY,100707.97
2025-05-08 16:03:00,BUY,100675.97
2025-05-08 16:04:00,BUY,100608.0
2025-05-08 16:05:00,BUY,100674.21
2025-05-08 16:06:00,BUY,100819.98
2025-05-08 16:07:00,BUY,100799.99
2025-05-08 16:08:00,BUY,100826.17
2025-05-08 16:09:00,BUY,100949.99
2025-05-08 16:10:00,BUY,100970.48
2025-05-08 16:11:00,SELL,100848.01
2025-05-08 16:12:00,SELL,100966.28
2025-05-08 16:13:00,SELL,100990.0
2025-05-08 16:14:00,SELL,100964.87
2025-05-08 16:15:00,SELL,101037.07
2025-05-08 16:16:00,SELL,101125.99
2025-05-08 16:17:00,SELL,101046.19
2025-05-08 16:18:00,SELL,101025.01
2025-05-08 16:19:00,SELL,101076.94
2025-05-08 16:20:00,SELL,101072.93
2025-05-08 16:21:00,SELL,100914.99
2025-05-08 16:22:00,SELL,100902.32
2025-05-08 16:23:00,SELL,100945.53
2025-05-08 16:24:00,SELL,100932.78
2025-05-08 16:25:00,SELL,100875.43
2025-05-08 16:26:00,SELL,100857.56
2025-05-08 16:27:00,SELL,100866.81
2025-05-08 16:28:00,SELL,100892.0
2025-05-08 16:29:00,SELL,100864.89
2025-05-08 16:30:00,SELL,100857.14
2025-05-08 16:31:00,SELL,100814.3
2025-05-08 16:32:00,SELL,100749.25
2025-05-08 16:33:00,SELL,100857.18
2025-05-08 16:34:00,SELL,100965.74
2025-05-08 16:35:00,SELL,100999.99
2025-05-08 16:36:00,SELL,101011.78
2025-05-08 16:37:00,SELL,101090.89
2025-05-08 16:38:00,BUY,101100.66
2025-05-08 16:39:00,BUY,101149.99
2025-05-08 16:40:00,BUY,101140.0
2025-05-08 16:41:00,BUY,101160.0
2025-05-08 16:42:00,BUY,101101.81
2025-05-08 16:43:00,BUY,101169.04
2025-05-08 16:44:00,BUY,101161.99
2025-05-08 16:45:00,BUY,101143.09
2025-05-08 16:46:00,BUY,101120.1
2025-05-08 16:47:00,BUY,101078.24
2025-05-08 16:48:00,BUY,101190.48
2025-05-08 16:49:00,BUY,101216.31
2025-05-08 16:50:00,BUY,101297.54
2025-05-08 16:51:00,BUY,101318.18
2025-05-08 16:52:00,BUY,101326.06
2025-05-08 16:53:00,BUY,101345.96
2025-05-08 16:54:00,BUY,101330.09
2025-05-08 16:55:00,BUY,101326.78
2025-05-08 16:56:00,BUY,101301.59
2025-05-08 16:57:00,BUY,101289.99
2025-05-08 16:58:00,BUY,101276.48
2025-05-08 16:59:00,BUY,101276.49
2025-05-08 17:00:00,BUY,101197.66
2025-05-08 17:01:00,BUY,101180.97
2025-05-08 17:02:00,BUY,101142.86
2025-05-08 17:03:00,BUY,101181.39
2025-05-08 17:04:00,BUY,101160.85
2025-05-08 17:05:00,BUY,101156.0
2025-05-08 17:06:00,BUY,101240.01
2025-05-08 17:07:00,BUY,101300.01
2025-05-08 17:08:00,BUY,101255.97
2025-05-08 17:09:00,BUY,101181.08
2025-05-08 17:10:00,BUY,101265.57
2025-05-08 17:11:00,BUY,101260.0
2025-05-08 17:12:00,BUY,101259.98
2025-05-08 17:13:00,BUY,101263.4
2025-05-08 17:14:00,BUY,101233.03
2025-05-08 17:15:00,BUY,101271.55
2025-05-08 17:16:00,BUY,101291.6
2025-05-08 17:17:00,BUY,101425.53
2025-05-08 17:18:00,BUY,101403.24
2025-05-08 17:19:00,BUY,101423.48
2025-05-08 17:20:00,BUY,101382.02
2025-05-08 17:21:00,BUY,101349.64
2025-05-08 17:22:00,BUY,101425.18
2025-05-08 17:23:00,BUY,101476.0
2025-05-08 17:24:00,BUY,101475.19
2025-05-08 17:25:00,BUY,101473.43
2025-05-08 17:26:00,BUY,101482.84
2025-05-08 17:27:00,BUY,101500.0
2025-05-08 17:28:00,BUY,101686.77
2025-05-08 17:29:00,BUY,101524.89
2025-05-08 17:30:00,BUY,101582.83
2025-05-08 17:31:00,BUY,101464.23
2025-05-08 17:32:00,BUY,101544.76
2025-05-08 17:33:00,BUY,101498.98
2025-05-08 17:34:00,BUY,101413.89
2025-05-08 17:35:00,BUY,101344.55
2025-05-08 17:36:00,BUY,101321.26
2025-05-08 17:37:00,BUY,101329.89
2025-05-08 17:38:00,BUY,101294.41
2025-05-08 17:39:00,BUY,101288.52
2025-05-08 17:40:00,BUY,101264.76
2025-05-08 17:41:00,BUY,101158.74
2025-05-08 17:42:00,BUY,101149.87
2025-05-08 17:43:00,BUY,101050.48
2025-05-08 17:44:00,BUY,101063.49
2025-05-08 17:45:00,BUY,101089.21
2025-05-08 17:46:00,BUY,101014.6
2025-05-08 17:47:00,SELL,100978.19
2025-05-08 17:48:00,SELL,100823.8
2025-05-08 17:49:00,SELL,100873.02
2025-05-08 17:50:00,SELL,100959.99
2025-05-08 17:51:00,SELL,100972.0
2025-05-08 17:52:00,SELL,101013.62
2025-05-08 17:53:00,SELL,100957.87
2025-05-08 17:54:00,SELL,101031.74
2025-05-08 17:55:00,SELL,101031.71
2025-05-08 17:56:00,SELL,100968.12
2025-05-08 17:57:00,SELL,100981.44
2025-05-08 17:58:00,SELL,101018.23
2025-05-08 17:59:00,SELL,101027.13
2025-05-08 18:00:00,SELL,101099.99
2025-05-08 18:01:00,SELL,101111.25
2025-05-08 18:02:00,SELL,101028.91
2025-05-08 18:03:00,SELL,101031.75
2025-05-08 18:04:00,SELL,101077.93
2025-05-08 18:05:00,SELL,101086.34
2025-05-08 18:06:00,SELL,101076.97
2025-05-08 18:07:00,SELL,101126.98
2025-05-08 18:08:00,SELL,101180.54
2025-05-08 18:09:00,SELL,101202.74
2025-05-08 18:10:00,SELL,101263.76
2025-05-08 18:11:00,SELL,101238.28
2025-05-08 18:12:00,SELL,101250.28
2025-05-08 18:13:00,SELL,101260.58
2025-05-08 18:14:00,SELL,101246.38
2025-05-08 18:15:00,SELL,101268.17
2025-05-08 18:16:00,SELL,101317.46
2025-05-08 18:17:00,SELL,101321.99
2025-05-08 18:18:00,BUY,101328.92
2025-05-08 18:19:00,BUY,101359.44
2025-05-08 18:20:00,BUY,101397.31
2025-05-08 18:21:00,BUY,101328.46
2025-05-08 18:22:00,BUY,101306.26
2025-05-08 18:23:00,BUY,101293.52
2025-05-08 18:24:00,BUY,101358.83
2025-05-08 18:25:00,BUY,101351.16
2025-05-08 18:26:00,BUY,101262.69
2025-05-08 18:27:00,BUY,101274.98
2025-05-08 18:28:00,BUY,101264.58
2025-05-08 18:29:00,BUY,101317.47
2025-05-08 18:30:00,BUY,101291.65
2025-05-08 18:31:00,BUY,101355.97
2025-05-08 18:32:00,BUY,101425.0
2025-05-08 18:33:00,BUY,101387.04
2025-05-08 18:34:00,BUY,101428.27
2025-05-08 18:35:00,BUY,101378.39
2025-05-08 18:36:00,BUY,101407.38
2025-05-08 18:37:00,BUY,101438.0
2025-05-08 18:38:00,BUY,101431.75
2025-05-08 18:39:00,BUY,101430.76
2025-05-08 18:40:00,BUY,101372.77
2025-05-08 18:41:00,BUY,101388.15
2025-05-08 18:42:00,BUY,101393.25
2025-05-08 18:43:00,BUY,101380.95
2025-05-08 18:44:00,BUY,101317.46
2025-05-08 18:45:00,BUY,101284.47
2025-05-08 18:46:00,BUY,101317.47
2025-05-08 18:47:00,BUY,101280.8
2025-05-08 18:48:00,BUY,101330.41
2025-05-08 18:49:00,BUY,101391.99
2025-05-08 18:50:00,BUY,101374.13
2025-05-08 18:51:00,BUY,101317.47
2025-05-08 18:52:00,BUY,101354.27
2025-05-08 18:53:00,BUY,101375.54
2025-05-08 18:54:00,BUY,101349.21
2025-05-08 18:55:00,BUY,101349.2
2025-05-08 18:56:00,BUY,101318.36
2025-05-08 18:57:00,BUY,101359.33
2025-05-08 18:58:00,BUY,101360.01
2025-05-08 18:59:00,BUY,101365.38
2025-05-08 19:00:00,BUY,101300.0
2025-05-08 19:01:00,SELL,101250.0
2025-05-08 19:02:00,SELL,101259.99
2025-05-08 19:03:00,SELL,101270.43
2025-05-08 19:04:00,SELL,101265.35
2025-05-08 19:05:00,SELL,101182.1
2025-05-08 19:06:00,SELL,101145.87
2025-05-08 19:07:00,SELL,101175.83
2025-05-08 19:08:00,SELL,101124.09
2025-05-08 19:09:00,SELL,101142.86
2025-05-08 19:10:00,SELL,101128.31
2025-05-08 19:11:00,SELL,101120.41
2025-05-08 19:12:00,SELL,101167.97
2025-05-08 19:13:00,SELL,101158.73
2025-05-08 19:14:00,SELL,101065.28
2025-05-08 19:15:00,SELL,101066.0
2025-05-08 19:16:00,SELL,101063.5
2025-05-08 19:17:00,SELL,101016.03
2025-05-08 19:18:00,SELL,101032.7
2025-05-08 19:19:00,SELL,101085.76
2025-05-08 19:20:00,SELL,101172.92
2025-05-08 19:21:00,SELL,101267.35
2025-05-08 19:22:00,SELL,101168.0
2025-05-08 19:23:00,SELL,101087.23
2025-05-08 19:24:00,SELL,101126.98
2025-05-08 19:25:00,SELL,101222.23
2025-05-08 19:26:00,SELL,101190.48
2025-05-08 19:27:00,SELL,101133.78
2025-05-08 19:28:00,SELL,101173.93
2025-05-08 19:29:00,SELL,101204.19
2025-05-08 19:30:00,SELL,101280.74
2025-05-08 19:31:00,SELL,101288.95
2025-05-08 19:32:00,SELL,101300.17
2025-05-08 19:33:00,SELL,101285.71
2025-05-08 19:34:00,SELL,101249.06
2025-05-08 19:35:00,SELL,101191.85
2025-05-08 19:36:00,SELL,101218.14
2025-05-08 19:37:00,SELL,101222.23
2025-05-08 19:38:00,SELL,101287.3
2025-05-08 19:39:00,SELL,101243.25
2025-05-08 19:40:00,BUY,101236.98
2025-05-08 19:41:00,BUY,101226.96
2025-05-08 19:42:00,BUY,101243.81
2025-05-08 19:43:00,BUY,101240.01
2025-05-08 19:44:00,BUY,101256.92
2025-05-08 19:45:00,BUY,101213.78
2025-05-08 19:46:00,BUY,101253.96
2025-05-08 19:47:00,BUY,101266.74
2025-05-08 19:48:00,BUY,101295.97
2025-05-08 19:49:00,BUY,101336.04
2025-05-08 19:50:00,BUY,101264.02
2025-05-08 19:51:00,BUY,101224.63
2025-05-08 19:52:00,BUY,101224.41
2025-05-08 19:53:00,BUY,101194.65
2025-05-08 19:54:00,BUY,101153.55
2025-05-08 19:55:00,BUY,101078.01
2025-05-08 19:56:00,BUY,101047.6
2025-05-08 19:57:00,BUY,101094.89
2025-05-08 19:58:00,BUY,101138.9
2025-05-08 19:59:00,BUY,101299.99
2025-05-08 20:00:00,BUY,101369.99
2025-05-08 20:01:00,BUY,101424.2
2025-05-08 20:02:00,BUY,101500.0
2025-05-08 20:03:00,BUY,101529.07
2025-05-08 20:04:00,BUY,101485.99
2025-05-08 20:05:00,BUY,101529.34
2025-05-08 20:06:00,BUY,101796.64
2025-05-08 20:07:00,BUY,101767.31
2025-05-08 20:08:00,BUY,101622.5
2025-05-08 20:09:00,BUY,101641.85
2025-05-08 20:10:00,BUY,101526.73
2025-05-08 20:11:00,BUY,101507.93
2025-05-08 20:12:00,BUY,101516.22
2025-05-08 20:13:00,BUY,101489.74
2025-05-08 20:14:00,BUY,101434.38
2025-05-08 20:15:00,BUY,101353.3
2025-05-08 20:16:00,BUY,101333.34
2025-05-08 20:17:00,BUY,101373.05
2025-05-08 20:18:00,BUY,101441.49
2025-05-08 20:19:00,BUY,101433.99
2025-05-08 20:20:00,BUY,101419.83
2025-05-08 20:21:00,BUY,101380.96
2025-05-08 20:22:00,BUY,101380.97
2025-05-08 20:23:00,BUY,101414.0
2025-05-08 20:24:00,BUY,101379.17
2025-05-08 20:25:00,BUY,101436.01
2025-05-08 20:26:00,BUY,101436.0
2025-05-08 20:27:00,BUY,101409.74
2025-05-08 20:28:00,BUY,101447.18
2025-05-08 20:29:00,BUY,101567.01
2025-05-08 20:30:00,BUY,101604.06
2025-05-08 20:31:00,BUY,101611.98
2025-05-08 20:32:00,BUY,101707.45
2025-05-08 20:33:00,BUY,101797.05
2025-05-08 20:34:00,BUY,101780.0
2025-05-08 20:35:00,BUY,101622.47
2025-05-08 20:36:00,BUY,101634.92
2025-05-08 20:37:00,BUY,101759.98
2025-05-08 20:38:00,BUY,101837.2
2025-05-08 20:39:00,BUY,102191.28
2025-05-08 20:40:00,BUY,102116.03
2025-05-08 20:41:00,BUY,102069.3
2025-05-08 20:42:00,BUY,102261.55
2025-05-08 20:43:00,BUY,102208.29
2025-05-08 20:44:00,BUY,102114.1
2025-05-08 20:45:00,BUY,102088.38
2025-05-08 20:46:00,BUY,102196.12
2025-05-08 20:47:00,BUY,102171.7
2025-05-08 20:48:00,BUY,102149.98
2025-05-08 20:49:00,BUY,102117.59
2025-05-08 20:50:00,BUY,102280.0
2025-05-08 20:51:00,BUY,102233.98
2025-05-08 20:52:00,BUY,102413.99
2025-05-08 20:53:00,BUY,102384.72
2025-05-08 20:54:00,BUY,102428.58
2025-05-08 20:55:00,BUY,102684.64
2025-05-08 20:56:00,BUY,102692.0
2025-05-08 20:57:00,BUY,102609.81
2025-05-08 20:58:00,BUY,102469.79
2025-05-08 20:59:00,BUY,102607.8
2025-05-08 21:00:00,BUY,102529.51
2025-05-08 21:01:00,BUY,102512.0
2025-05-08 21:02:00,BUY,102426.95
2025-05-08 21:03:00,BUY,102436.05
2025-05-08 21:04:00,BUY,102332.46
2025-05-08 21:05:00,BUY,102199.99
2025-05-08 21:06:00,BUY,102140.01
2025-05-08 21:07:00,BUY,102372.0
2025-05-08 21:08:00,BUY,102247.9
2025-05-08 21:09:00,BUY,102284.99
2025-05-08 21:10:00,BUY,102350.87
2025-05-08 21:11:00,BUY,102303.83
2025-05-08 21:12:00,BUY,102333.34
2025-05-08 21:13:00,BUY,102360.0
2025-05-08 21:14:00,BUY,102512.49
2025-05-08 21:15:00,BUY,102621.89
2025-05-08 21:16:00,BUY,102695.49
2025-05-08 21:17:00,BUY,102962.42
2025-05-08 21:18:00,BUY,103179.97
2025-05-08 21:19:00,BUY,102973.9
2025-05-08 21:20:00,BUY,103294.06
2025-05-08 21:21:00,BUY,103584.0
2025-05-08 21:22:00,BUY,103790.01
2025-05-08 21:23:00,BUY,103642.66
2025-05-08 21:24:00,BUY,103670.86
2025-05-08 21:25:00,BUY,103468.0
2025-05-08 21:26:00,BUY,103585.38
2025-05-08 21:27:00,BUY,103534.75
2025-05-08 21:28:00,BUY,103265.82
2025-05-08 21:29:00,BUY,103300.64
2025-05-08 21:30:00,BUY,103275.66
2025-05-08 21:31:00,BUY,103583.99
2025-05-08 21:32:00,BUY,103562.21
2025-05-08 21:33:00,BUY,103419.91
2025-05-08 21:34:00,BUY,103377.7
2025-05-08 21:35:00,BUY,103324.01
2025-05-08 21:36:00,BUY,103322.0
2025-05-08 21:37:00,BUY,103467.87
2025-05-08 21:38:00,BUY,103390.11
2025-05-08 21:39:00,BUY,103367.01
2025-05-08 21:40:00,BUY,103333.29
2025-05-08 21:41:00,BUY,103061.73
2025-05-08 21:42:00,BUY,102998.79
2025-05-08 21:43:00,BUY,102960.38
2025-05-08 21:44:00,BUY,103000.0
2025-05-08 21:45:00,BUY,103116.5
2025-05-08 21:46:00,BUY,103245.17
2025-05-08 21:47:00,BUY,103100.0
2025-05-08 21:48:00,BUY,103150.01
2025-05-08 21:49:00,BUY,102972.93
2025-05-08 21:50:00,BUY,102840.61
2025-05-08 21:51:00,BUY,102987.14
2025-05-08 21:52:00,BUY,102885.3
2025-05-08 21:53:00,BUY,102699.96
2025-05-08 21:54:00,BUY,102630.21
2025-05-08 21:55:00,BUY,102841.06
2025-05-08 21:56:00,SELL,102799.04
2025-05-08 21:57:00,SELL,102804.79
2025-05-08 21:58:00,SELL,102732.92
2025-05-08 21:59:00,SELL,102828.03
2025-05-08 22:00:00,SELL,102685.74
2025-05-08 22:01:00,SELL,102631.04
2025-05-08 22:02:00,SELL,102551.64
2025-05-08 22:03:00,SELL,102610.11
2025-05-08 22:04:00,SELL,102595.4
2025-05-08 22:05:00,SELL,102699.78
2025-05-08 22:06:00,SELL,102626.51
2025-05-08 22:07:00,SELL,102572.1
2025-05-08 22:08:00,SELL,102531.66
2025-05-08 22:09:00,SELL,102501.58
2025-05-08 22:10:00,SELL,102492.07
2025-05-08 22:11:00,SELL,102440.86
2025-05-08 22:12:00,SELL,102510.18
2025-05-08 22:13:00,SELL,102565.82
2025-05-08 22:14:00,SELL,102566.01
2025-05-08 22:15:00,SELL,102666.66
2025-05-08 22:16:00,SELL,102750.0
2025-05-08 22:17:00,SELL,102844.1
2025-05-08 22:18:00,SELL,102952.38
2025-05-08 22:19:00,SELL,102900.01
2025-05-08 22:20:00,SELL,102833.51
2025-05-08 22:21:00,SELL,102822.51
2025-05-08 22:22:00,SELL,102809.53
2025-05-08 22:23:00,SELL,102837.65
2025-05-08 22:24:00,SELL,102854.58
2025-05-08 22:25:00,SELL,102777.78
2025-05-08 22:26:00,SELL,102746.03
2025-05-08 22:27:00,SELL,102775.51
2025-05-08 22:28:00,SELL,102728.39
2025-05-08 22:29:00,SELL,102827.5
2025-05-08 22:30:00,SELL,102764.98
2025-05-08 22:31:00,SELL,102733.27
2025-05-08 22:32:00,BUY,102724.56
2025-05-08 22:33:00,BUY,102707.71
2025-05-08 22:34:00,BUY,102707.7
2025-05-08 22:35:00,BUY,102860.0
2025-05-08 22:36:00,BUY,102809.53
2025-05-08 22:37:00,BUY,102757.06
2025-05-08 22:38:00,BUY,102772.18
2025-05-08 22:39:00,BUY,102805.88
2025-05-08 22:40:00,BUY,102829.68
2025-05-08 22:41:00,BUY,102823.01
2025-05-08 22:42:00,BUY,102887.99
2025-05-08 22:43:00,BUY,103086.84
2025-05-08 22:44:00,BUY,103205.93
2025-05-08 22:45:00,BUY,103188.99
2025-05-08 22:46:00,BUY,103092.84
2025-05-08 22:47:00,BUY,103078.82
2025-05-08 22:48:00,BUY,103115.54
2025-05-08 22:49:00,BUY,103037.9
2025-05-08 22:50:00,BUY,102975.28
2025-05-08 22:51:00,BUY,102960.93
2025-05-08 22:52:00,BUY,102952.37
2025-05-08 22:53:00,BUY,102959.51
2025-05-08 22:54:00,BUY,102999.99
2025-05-08 22:55:00,BUY,102939.86
2025-05-08 22:56:00,BUY,102941.65
2025-05-08 22:57:00,BUY,102947.77
2025-05-08 22:58:00,BUY,102951.82
2025-05-08 22:59:00,BUY,103017.95
2025-05-08 23:00:00,BUY,102920.05
2025-05-08 23:01:00,BUY,102890.07
2025-05-08 23:02:00,BUY,102811.59
2025-05-08 23:03:00,BUY,102836.92
2025-05-08 23:04:00,BUY,102873.03
2025-05-08 23:05:00,BUY,102987.84
2025-05-08 23:06:00,BUY,102984.98
2025-05-08 23:07:00,BUY,102993.26
2025-05-08 23:08:00,BUY,102976.29
2025-05-08 23:09:00,BUY,102976.28
2025-05-08 23:10:00,BUY,103050.84
2025-05-08 23:11:00,BUY,103099.19
2025-05-08 23:12:00,BUY,103082.1
2025-05-08 23:13:00,BUY,103044.33
2025-05-08 23:14:00,BUY,102996.96
2025-05-08 23:15:00,BUY,102964.01
2025-05-08 23:16:00,BUY,103026.76
2025-05-08 23:17:00,BUY,103172.28
2025-05-08 23:18:00,BUY,103176.98
2025-05-08 23:19:00,BUY,103118.73
2025-05-08 23:20:00,BUY,103105.96
2025-05-08 23:21:00,BUY,103056.49
2025-05-08 23:22:00,BUY,103029.82
2025-05-08 23:23:00,BUY,103030.59
2025-05-08 23:24:00,BUY,102930.42
2025-05-08 23:25:00,BUY,102861.94
2025-05-08 23:26:00,BUY,102803.83
2025-05-08 23:27:00,BUY,102835.92
2025-05-08 23:28:00,BUY,102835.93
2025-05-08 23:29:00,BUY,102850.0
2025-05-08 23:30:00,BUY,102936.51
2025-05-08 23:31:00,SELL,102876.52
2025-05-08 23:32:00,SELL,102917.51
2025-05-08 23:33:00,SELL,102927.39
2025-05-08 23:34:00,SELL,102887.99
2025-05-08 23:35:00,SELL,102936.14
2025-05-08 23:36:00,SELL,102958.96
2025-05-08 23:37:00,SELL,102991.03
2025-05-08 23:38:00,SELL,102947.24
2025-05-08 23:39:00,SELL,102969.44
2025-05-08 23:40:00,SELL,103063.17
2025-05-08 23:41:00,SELL,103043.55
2025-05-08 23:42:00,SELL,103063.5
2025-05-08 23:43:00,SELL,103032.4
2025-05-08 23:44:00,SELL,103085.35
2025-05-08 23:45:00,SELL,103105.64
2025-05-08 23:46:00,SELL,103124.58
2025-05-08 23:47:00,BUY,103217.57
2025-05-08 23:48:00,BUY,103228.97
2025-05-08 23:49:00,BUY,103133.89
2025-05-08 23:50:00,BUY,103151.8
2025-05-08 23:51:00,BUY,103146.13
2025-05-08 23:52:00,BUY,103110.16
2025-05-08 23:53:00,BUY,103080.0
2025-05-08 23:54:00,BUY,103079.18
2025-05-08 23:55:00,BUY,103130.0
2025-05-08 23:56:00,BUY,103185.99
2025-05-08 23:57:00,BUY,103228.0
2025-05-08 23:58:00,BUY,103247.54
2025-05-08 23:59:00,BUY,103261.6
2025-05-09 00:00:00,BUY,103177.18
2025-05-09 00:01:00,BUY,103108.71
2025-05-09 00:02:00,BUY,103114.0
2025-05-09 00:03:00,BUY,103244.0
2025-05-09 00:04:00,BUY,103142.54
2025-05-09 00:05:00,BUY,103105.6
2025-05-09 00:06:00,BUY,103098.34
2025-05-09 00:07:00,BUY,103148.49
2025-05-09 00:08:00,BUY,103083.96
2025-05-09 00:09:00,BUY,103088.88
2025-05-09 00:10:00,BUY,103063.99
2025-05-09 00:11:00,BUY,103040.0
2025-05-09 00:12:00,BUY,103033.81
2025-05-09 00:13:00,BUY,103072.98
2025-05-09 00:14:00,BUY,103054.24
2025-05-09 00:15:00,BUY,103049.83
2025-05-09 00:16:00,BUY,103000.01
2025-05-09 00:17:00,BUY,103026.18
2025-05-09 00:18:00,BUY,103046.9
2025-05-09 00:19:00,BUY,103152.44
2025-05-09 00:20:00,BUY,103169.51
2025-05-09 00:21:00,BUY,102996.92
2025-05-09 00:22:00,SELL,103029.71
2025-05-09 00:23:00,SELL,102954.46
2025-05-09 00:24:00,SELL,102966.13
2025-05-09 00:25:00,SELL,102927.96
2025-05-09 00:26:00,SELL,102909.59
2025-05-09 00:27:00,SELL,102894.03
2025-05-09 00:28:00,SELL,102850.01
2025-05-09 00:29:00,SELL,102830.06
2025-05-09 00:30:00,SELL,102812.06
2025-05-09 00:31:00,SELL,102841.26
2025-05-09 00:32:00,SELL,102809.53
2025-05-09 00:33:00,SELL,102751.23
2025-05-09 00:34:00,SELL,102698.12
2025-05-09 00:35:00,SELL,102668.75
2025-05-09 00:36:00,SELL,102623.2
2025-05-09 00:37:00,SELL,102682.54
2025-05-09 00:38:00,SELL,102714.29
2025-05-09 00:39:00,SELL,102704.67
2025-05-09 00:40:00,SELL,102657.26
2025-05-09 00:41:00,SELL,102592.11
2025-05-09 00:42:00,SELL,102625.4
2025-05-09 00:43:00,SELL,102660.0
2025-05-09 00:44:00,SELL,102693.57
2025-05-09 00:45:00,SELL,102736.32
2025-05-09 00:46:00,SELL,102700.0
2025-05-09 00:47:00,SELL,102705.34
2025-05-09 00:48:00,SELL,102705.99
2025-05-09 00:49:00,SELL,102770.4
2025-05-09 00:50:00,SELL,102777.77
2025-05-09 00:51:00,SELL,102879.49
2025-05-09 00:52:00,SELL,103046.96
2025-05-09 00:53:00,SELL,102845.95
2025-05-09 00:54:00,SELL,102859.99
2025-05-09 00:55:00,SELL,102861.73
2025-05-09 00:56:00,SELL,102798.18
2025-05-09 00:57:00,SELL,102783.63
2025-05-09 00:58:00,SELL,102769.23
2025-05-09 00:59:00,SELL,102820.0
2025-05-09 01:00:00,SELL,102784.56
2025-05-09 01:01:00,SELL,102802.38
2025-05-09 01:02:00,SELL,102766.31
2025-05-09 01:03:00,SELL,102798.49
2025-05-09 01:04:00,SELL,102761.91
2025-05-09 01:05:00,SELL,102705.87
2025-05-09 01:06:00,SELL,102798.5
2025-05-09 01:07:00,SELL,102859.28
2025-05-09 01:08:00,BUY,102882.61
2025-05-09 01:09:00,BUY,102878.45
2025-05-09 01:10:00,BUY,102809.53
2025-05-09 01:11:00,BUY,102773.39
2025-05-09 01:12:00,BUY,102757.89
2025-05-09 01:13:00,BUY,102829.98
2025-05-09 01:14:00,BUY,102730.0
2025-05-09 01:15:00,BUY,102876.57
2025-05-09 01:16:00,BUY,102965.15
2025-05-09 01:17:00,BUY,102936.51
2025-05-09 01:18:00,BUY,102820.0
2025-05-09 01:19:00,BUY,102802.44
2025-05-09 01:20:00,BUY,102749.26
2025-05-09 01:21:00,BUY,102666.66
2025-05-09 01:22:00,BUY,102658.56
2025-05-09 01:23:00,BUY,102600.02
2025-05-09 01:24:00,BUY,102604.88
2025-05-09 01:25:00,BUY,102606.03
2025-05-09 01:26:00,BUY,102683.56
2025-05-09 01:27:00,SELL,102687.67
2025-05-09 01:28:00,SELL,102756.42
2025-05-09 01:29:00,SELL,102767.87
2025-05-09 01:30:00,SELL,102778.27
2025-05-09 01:31:00,SELL,102785.66
2025-05-09 01:32:00,SELL,102736.58
2025-05-09 01:33:00,SELL,102732.0
2025-05-09 01:34:00,SELL,102739.41
2025-05-09 01:35:00,SELL,102682.52
2025-05-09 01:36:00,SELL,102723.55
2025-05-09 01:37:00,SELL,102770.48
2025-05-09 01:38:00,SELL,102682.53
2025-05-09 01:39:00,SELL,102647.34
2025-05-09 01:40:00,SELL,102711.98
2025-05-09 01:41:00,SELL,102777.78
2025-05-09 01:42:00,SELL,102856.21
2025-05-09 01:43:00,SELL,102873.02
2025-05-09 01:44:00,SELL,102917.28
2025-05-09 01:45:00,SELL,102916.2
2025-05-09 01:46:00,SELL,102904.76
2025-05-09 01:47:00,BUY,102878.37
2025-05-09 01:48:00,BUY,102878.99
2025-05-09 01:49:00,BUY,102893.32
2025-05-09 01:50:00,BUY,102866.09
2025-05-09 01:51:00,BUY,102860.0
2025-05-09 01:52:00,BUY,102889.49
2025-05-09 01:53:00,BUY,102934.96
2025-05-09 01:54:00,BUY,102960.71
2025-05-09 01:55:00,BUY,102952.8
2025-05-09 01:56:00,BUY,103060.0
2025-05-09 01:57:00,BUY,103081.97
2025-05-09 01:58:00,BUY,103097.76
2025-05-09 01:59:00,BUY,103098.34
2025-05-09 02:00:00,BUY,103041.01
2025-05-09 02:01:00,BUY,103001.51
2025-05-09 02:02:00,BUY,102990.25
2025-05-09 02:03:00,BUY,102929.3
2025-05-09 02:04:00,BUY,102981.59
2025-05-09 02:05:00,BUY,102970.1
2025-05-09 02:06:00,BUY,102998.79
2025-05-09 02:07:00,BUY,102979.02
2025-05-09 02:08:00,BUY,102936.5
2025-05-09 02:09:00,BUY,103003.85
2025-05-09 02:10:00,BUY,103009.0
2025-05-09 02:11:00,BUY,102956.26
2025-05-09 02:12:00,BUY,102951.52
2025-05-09 02:13:00,BUY,102950.31
2025-05-09 02:14:00,BUY,102911.81
2025-05-09 02:15:00,BUY,102859.47
2025-05-09 02:16:00,BUY,102999.7
2025-05-09 02:17:00,BUY,102950.52
2025-05-09 02:18:00,BUY,102988.9
2025-05-09 02:19:00,BUY,102885.98
2025-05-09 02:20:00,BUY,102871.88
2025-05-09 02:21:00,BUY,102774.38
2025-05-09 02:22:00,BUY,102802.52
2025-05-09 02:23:00,BUY,102793.65
2025-05-09 02:24:00,BUY,102730.98
2025-05-09 02:25:00,BUY,102774.68
2025-05-09 02:26:00,SELL,102793.65
2025-05-09 02:27:00,SELL,102776.33
2025-05-09 02:28:00,SELL,102785.07
2025-05-09 02:29:00,SELL,102720.01
2025-05-09 02:30:00,SELL,102640.01
2025-05-09 02:31:00,SELL,102691.66
2025-05-09 02:32:00,SELL,102642.42
2025-05-09 02:33:00,SELL,102654.01
2025-05-09 02:34:00,SELL,102686.54
2025-05-09 02:35:00,SELL,102669.66
2025-05-09 02:36:00,SELL,102689.83
2025-05-09 02:37:00,SELL,102718.55
2025-05-09 02:38:00,SELL,102708.75
2025-05-09 02:39:00,SELL,102730.16
2025-05-09 02:40:00,SELL,102698.41
2025-05-09 02:41:00,SELL,102616.02
2025-05-09 02:42:00,SELL,102666.66
2025-05-09 02:43:00,SELL,102658.49
2025-05-09 02:44:00,SELL,102628.18
2025-05-09 02:45:00,SELL,102603.18
2025-05-09 02:46:00,SELL,102627.34
2025-05-09 02:47:00,SELL,102634.92
2025-05-09 02:48:00,SELL,102699.99
2025-05-09 02:49:00,SELL,102673.2
2025-05-09 02:50:00,SELL,102660.02
2025-05-09 02:51:00,SELL,102652.81
2025-05-09 02:52:00,SELL,102595.06
2025-05-09 02:53:00,SELL,102587.06
2025-05-09 02:54:00,SELL,102576.08
2025-05-09 02:55:00,SELL,102581.49
2025-05-09 02:56:00,SELL,102539.7
2025-05-09 02:57:00,SELL,102539.69
2025-05-09 02:58:00,SELL,102529.81
2025-05-09 02:59:00,SELL,102595.5
2025-05-09 03:00:00,SELL,102560.5
2025-05-09 03:01:00,SELL,102500.01
2025-05-09 03:02:00,SELL,102491.12
2025-05-09 03:03:00,SELL,102526.31
2025-05-09 03:04:00,SELL,102514.56
2025-05-09 03:05:00,SELL,102589.94
2025-05-09 03:06:00,SELL,102663.46
2025-05-09 03:07:00,SELL,102655.07
2025-05-09 03:08:00,SELL,102704.55
2025-05-09 03:09:00,SELL,102714.28
2025-05-09 03:10:00,SELL,102745.34
2025-05-09 03:11:00,SELL,102761.9
2025-05-09 03:12:00,SELL,102750.03
2025-05-09 03:13:00,SELL,102717.56
2025-05-09 03:14:00,SELL,102738.43
2025-05-09 03:15:00,SELL,102747.41
2025-05-09 03:16:00,SELL,102733.51
2025-05-09 03:17:00,SELL,102663.34
2025-05-09 03:18:00,BUY,102695.85
2025-05-09 03:19:00,BUY,102649.57
2025-05-09 03:20:00,BUY,102665.12
2025-05-09 03:21:00,BUY,102665.12
2025-05-09 03:22:00,BUY,102724.49
2025-05-09 03:23:00,BUY,102797.66
2025-05-09 03:24:00,BUY,102698.42
2025-05-09 03:25:00,BUY,102615.49
2025-05-09 03:26:00,BUY,102645.01
2025-05-09 03:27:00,BUY,102645.0
2025-05-09 03:28:00,BUY,102634.95
2025-05-09 03:29:00,BUY,102643.99
2025-05-09 03:30:00,BUY,102630.01
2025-05-09 03:31:00,BUY,102568.71
2025-05-09 03:32:00,BUY,102559.68
2025-05-09 03:33:00,BUY,102556.98
2025-05-09 03:34:00,BUY,102559.98
2025-05-09 03:35:00,BUY,102575.76
2025-05-09 03:36:00,BUY,102627.98
2025-05-09 03:37:00,BUY,102520.0
2025-05-09 03:38:00,SELL,102510.2
2025-05-09 03:39:00,SELL,102516.95
2025-05-09 03:40:00,SELL,102500.74
2025-05-09 03:41:00,SELL,102471.87
2025-05-09 03:42:00,SELL,102430.83
2025-05-09 03:43:00,SELL,102385.49
2025-05-09 03:44:00,SELL,102366.49
2025-05-09 03:45:00,SELL,102400.0
2025-05-09 03:46:00,SELL,102387.99
2025-05-09 03:47:00,SELL,102456.46
2025-05-09 03:48:00,SELL,102420.01
2025-05-09 03:49:00,SELL,102380.96
2025-05-09 03:50:00,SELL,102398.97
2025-05-09 03:51:00,SELL,102424.53
2025-05-09 03:52:00,SELL,102423.22
2025-05-09 03:53:00,SELL,102449.99
2025-05-09 03:54:00,SELL,102450.65
2025-05-09 03:55:00,SELL,102406.7
2025-05-09 03:56:00,SELL,102380.98
2025-05-09 03:57:00,SELL,102385.74
2025-05-09 03:58:00,SELL,102427.15
2025-05-09 03:59:00,SELL,102451.04
2025-05-09 04:00:00,SELL,102414.59
2025-05-09 04:01:00,SELL,102463.43
2025-05-09 04:02:00,SELL,102401.81
2025-05-09 04:03:00,SELL,102389.0
2025-05-09 04:04:00,SELL,102464.84
2025-05-09 04:05:00,SELL,102443.3
2025-05-09 04:06:00,SELL,102488.75
2025-05-09 04:07:00,SELL,102531.61
2025-05-09 04:08:00,SELL,102574.62
2025-05-09 04:09:00,SELL,102619.04
2025-05-09 04:10:00,SELL,102616.59
2025-05-09 04:11:00,SELL,102588.83
2025-05-09 04:12:00,SELL,102607.43
2025-05-09 04:13:00,SELL,102663.32
2025-05-09 04:14:00,SELL,102660.01
2025-05-09 04:15:00,BUY,102635.88
2025-05-09 04:16:00,BUY,102609.57
2025-05-09 04:17:00,BUY,102603.18
2025-05-09 04:18:00,BUY,102600.0
2025-05-09 04:19:00,BUY,102628.66
2025-05-09 04:20:00,BUY,102588.98
2025-05-09 04:21:00,BUY,102634.0
2025-05-09 04:22:00,BUY,102666.67
2025-05-09 04:23:00,BUY,102666.67
2025-05-09 04:24:00,BUY,102592.71
2025-05-09 04:25:00,BUY,102615.28
2025-05-09 04:26:00,BUY,102629.71
2025-05-09 04:27:00,BUY,102620.16
2025-05-09 04:28:00,BUY,102565.43
2025-05-09 04:29:00,BUY,102554.49
2025-05-09 04:30:00,BUY,102523.8
2025-05-09 04:31:00,BUY,102522.0
2025-05-09 04:32:00,BUY,102509.19
2025-05-09 04:33:00,BUY,102533.05
2025-05-09 04:34:00,BUY,102587.51
2025-05-09 04:35:00,BUY,102566.32
2025-05-09 04:36:00,BUY,102523.8
2025-05-09 04:37:00,BUY,102523.81
2025-05-09 04:38:00,BUY,102471.32
2025-05-09 04:39:00,BUY,102540.0
2025-05-09 04:40:00,BUY,102549.81
2025-05-09 04:41:00,BUY,102539.68
2025-05-09 04:42:00,BUY,102571.4
2025-05-09 04:43:00,BUY,102571.4
2025-05-09 04:44:00,BUY,102571.4
2025-05-09 04:45:00,BUY,102603.18
2025-05-09 04:46:00,BUY,102730.15
2025-05-09 04:47:00,BUY,102733.54
2025-05-09 04:48:00,BUY,102756.5
2025-05-09 04:49:00,BUY,102700.66
2025-05-09 04:50:00,BUY,102771.92
2025-05-09 04:51:00,BUY,102751.7
2025-05-09 04:52:00,BUY,102767.62
2025-05-09 04:53:00,BUY,102782.44
2025-05-09 04:54:00,BUY,102800.0
2025-05-09 04:55:00,BUY,102753.0
2025-05-09 04:56:00,BUY,102753.01
2025-05-09 04:57:00,BUY,102793.8
2025-05-09 04:58:00,BUY,102825.39
2025-05-09 04:59:00,BUY,102828.0
2025-05-09 05:00:00,BUY,102830.01
2025-05-09 05:01:00,BUY,102740.01
2025-05-09 05:02:00,BUY,102754.74
2025-05-09 05:03:00,BUY,102795.35
2025-05-09 05:04:00,BUY,102802.42
2025-05-09 05:05:00,BUY,102731.48
2025-05-09 05:06:00,BUY,102761.0
2025-05-09 05:07:00,BUY,102841.47
2025-05-09 05:08:00,BUY,102827.15
2025-05-09 05:09:00,BUY,102856.33
2025-05-09 05:10:00,BUY,102827.15
2025-05-09 05:11:00,BUY,102777.37
2025-05-09 05:12:00,BUY,102735.96
2025-05-09 05:13:00,BUY,102742.51
2025-05-09 05:14:00,BUY,102749.5
2025-05-09 05:15:00,BUY,102750.17
2025-05-09 05:16:00,BUY,102731.99
2025-05-09 05:17:00,BUY,102730.91
2025-05-09 05:18:00,BUY,102731.29
2025-05-09 05:19:00,BUY,102698.42
2025-05-09 05:20:00,BUY,102698.42
2025-05-09 05:21:00,BUY,102690.74
2025-05-09 05:22:00,BUY,102690.75
2025-05-09 05:23:00,BUY,102630.01
2025-05-09 05:24:00,BUY,102634.93
2025-05-09 05:25:00,BUY,102648.03
2025-05-09 05:26:00,BUY,102634.92
2025-05-09 05:27:00,BUY,102606.19
2025-05-09 05:28:00,SELL,102690.74
2025-05-09 05:29:00,SELL,102730.16
2025-05-09 05:30:00,SELL,102807.73
2025-05-09 05:31:00,SELL,102820.0
2025-05-09 05:32:00,SELL,102839.98
2025-05-09 05:33:00,SELL,102839.9
2025-05-09 05:34:00,SELL,102849.03
2025-05-09 05:35:00,SELL,102853.53
2025-05-09 05:36:00,SELL,102888.52
2025-05-09 05:37:00,SELL,102919.99
2025-05-09 05:38:00,SELL,102925.07
2025-05-09 05:39:00,SELL,102909.07
2025-05-09 05:40:00,BUY,102905.36
2025-05-09 05:41:00,BUY,102920.63
2025-05-09 05:42:00,BUY,102896.96
2025-05-09 05:43:00,BUY,102911.19
2025-05-09 05:44:00,BUY,102930.49
2025-05-09 05:45:00,BUY,102941.55
2025-05-09 05:46:00,BUY,102920.01
2025-05-09 05:47:00,BUY,102901.94
2025-05-09 05:48:00,BUY,102950.0
2025-05-09 05:49:00,BUY,102969.36
2025-05-09 05:50:00,BUY,102951.86
2025-05-09 05:51:00,BUY,102915.98
2025-05-09 05:52:00,BUY,102930.59
2025-05-09 05:53:00,BUY,102941.11
2025-05-09 05:54:00,BUY,102954.87
2025-05-09 05:55:00,BUY,102970.36
2025-05-09 05:56:00,BUY,102963.74
2025-05-09 05:57:00,BUY,102963.74
2025-05-09 05:58:00,BUY,102957.15
2025-05-09 05:59:00,BUY,102979.35
2025-05-09 06:00:00,BUY,102989.93
2025-05-09 06:01:00,BUY,102995.0
2025-05-09 06:02:00,BUY,103014.18
2025-05-09 06:03:00,BUY,103032.99
2025-05-09 06:04:00,BUY,103019.87
2025-05-09 06:05:00,BUY,103019.87
2025-05-09 06:06:00,BUY,102963.49
2025-05-09 06:07:00,BUY,102984.13
2025-05-09 06:08:00,BUY,102984.02
2025-05-09 06:09:00,BUY,102971.47
2025-05-09 06:10:00,BUY,102956.01
2025-05-09 06:11:00,BUY,103008.78
2025-05-09 06:12:00,BUY,102966.16
2025-05-09 06:13:00,BUY,102966.15
2025-05-09 06:14:00,BUY,102938.94
2025-05-09 06:15:00,BUY,102942.23
2025-05-09 06:16:00,BUY,103008.77
2025-05-09 06:17:00,BUY,103020.75
2025-05-09 06:18:00,BUY,103019.92
2025-05-09 06:19:00,BUY,103023.92
2025-05-09 06:20:00,BUY,103045.8
2025-05-09 06:21:00,BUY,103045.8
2025-05-09 06:22:00,BUY,103050.71
2025-05-09 06:23:00,BUY,103086.22
2025-05-09 06:24:00,BUY,103087.71
2025-05-09 06:25:00,BUY,103120.0
2025-05-09 06:26:00,BUY,103161.4
2025-05-09 06:27:00,BUY,103120.01
2025-05-09 06:28:00,BUY,103101.83
2025-05-09 06:29:00,BUY,103131.46
2025-05-09 06:30:00,BUY,103132.63
2025-05-09 06:31:00,BUY,103129.26
2025-05-09 06:32:00,BUY,103173.57
2025-05-09 06:33:00,BUY,103147.07
2025-05-09 06:34:00,BUY,103075.1
2025-05-09 06:35:00,BUY,103061.73
2025-05-09 06:36:00,BUY,103048.0
2025-05-09 06:37:00,BUY,103073.31
2025-05-09 06:38:00,BUY,103076.76
2025-05-09 06:39:00,BUY,103060.01
2025-05-09 06:40:00,BUY,103000.0
2025-05-09 06:41:00,BUY,103017.14
2025-05-09 06:42:00,BUY,103017.4
2025-05-09 06:43:00,BUY,103057.97
2025-05-09 06:44:00,BUY,103049.75
2025-05-09 06:45:00,BUY,103052.01
2025-05-09 06:46:00,BUY,103052.01
2025-05-09 06:47:00,BUY,103061.99
2025-05-09 06:48:00,BUY,103185.4
2025-05-09 06:49:00,BUY,103162.5
2025-05-09 06:50:00,BUY,103203.9
2025-05-09 06:51:00,BUY,103206.35
2025-05-09 06:52:00,BUY,103238.1
2025-05-09 06:53:00,BUY,103261.7
2025-05-09 06:54:00,BUY,103210.53
2025-05-09 06:55:00,BUY,103219.18
2025-05-09 06:56:00,BUY,103184.0
2025-05-09 06:57:00,BUY,103202.82
2025-05-09 06:58:00,BUY,103220.8
2025-05-09 06:59:00,BUY,103230.11
2025-05-09 07:00:00,BUY,103250.0
2025-05-09 07:01:00,BUY,103200.01
2025-05-09 07:02:00,BUY,103174.59
2025-05-09 07:03:00,BUY,103286.21
2025-05-09 07:04:00,BUY,103269.85
2025-05-09 07:05:00,BUY,103381.69
2025-05-09 07:06:00,BUY,103380.95
2025-05-09 07:07:00,BUY,103441.91
2025-05-09 07:08:00,BUY,103434.08
2025-05-09 07:09:00,BUY,103470.19
2025-05-09 07:10:00,BUY,103461.5
2025-05-09 07:11:00,BUY,103497.86
2025-05-09 07:12:00,BUY,103500.95
2025-05-09 07:13:00,BUY,103524.63
2025-05-09 07:14:00,BUY,103511.52
2025-05-09 07:15:00,BUY,103490.12
2025-05-09 07:16:00,BUY,103470.15
2025-05-09 07:17:00,BUY,103513.16
2025-05-09 07:18:00,BUY,103595.17
2025-05-09 07:19:00,BUY,103633.74
2025-05-09 07:20:00,BUY,103600.0
2025-05-09 07:21:00,BUY,103622.77
2025-05-09 07:22:00,BUY,103650.05
2025-05-09 07:23:00,BUY,103788.45
2025-05-09 07:24:00,BUY,103727.86
2025-05-09 07:25:00,BUY,103675.7
2025-05-09 07:26:00,BUY,103663.23
2025-05-09 07:27:00,BUY,103761.18
2025-05-09 07:28:00,BUY,103758.94
2025-05-09 07:29:00,BUY,103789.37
2025-05-09 07:30:00,BUY,103691.81
2025-05-09 07:31:00,BUY,103629.64
2025-05-09 07:32:00,BUY,103588.93
2025-05-09 07:33:00,BUY,103529.43
2025-05-09 07:34:00,BUY,103567.23
2025-05-09 07:35:00,BUY,103635.47
2025-05-09 07:36:00,BUY,103684.07
2025-05-09 07:37:00,BUY,103727.3
2025-05-09 07:38:00,BUY,103860.55
2025-05-09 07:39:00,BUY,103799.76
2025-05-09 07:40:00,BUY,103786.45
2025-05-09 07:41:00,BUY,103846.6
2025-05-09 07:42:00,BUY,103984.62
2025-05-09 07:43:00,BUY,103815.41
2025-05-09 07:44:00,BUY,103897.49
2025-05-09 07:45:00,BUY,103911.49
2025-05-09 07:46:00,BUY,103995.6
2025-05-09 07:47:00,BUY,104064.65
2025-05-09 07:48:00,BUY,104226.02
2025-05-09 07:49:00,BUY,104086.52
2025-05-09 07:50:00,BUY,103984.13
2025-05-09 07:51:00,BUY,103859.18
2025-05-09 07:52:00,BUY,103933.19
2025-05-09 07:53:00,BUY,103785.49
2025-05-09 07:54:00,BUY,103819.45
2025-05-09 07:55:00,BUY,103720.01
2025-05-09 07:56:00,BUY,103720.22
2025-05-09 07:57:00,BUY,103648.13
2025-05-09 07:58:00,BUY,103729.45
2025-05-09 07:59:00,BUY,103628.77
2025-05-09 08:00:00,BUY,103665.94
2025-05-09 08:01:00,BUY,103621.12
2025-05-09 08:02:00,BUY,103680.0
2025-05-09 08:03:00,BUY,103680.0
2025-05-09 08:04:00,BUY,103643.66
2025-05-09 08:05:00,BUY,103659.99
2025-05-09 08:06:00,BUY,103645.01
2025-05-09 08:07:00,BUY,103576.2
2025-05-09 08:08:00,SELL,103586.17
2025-05-09 08:09:00,SELL,103607.4
2025-05-09 08:10:00,SELL,103681.13
2025-05-09 08:11:00,SELL,103550.97
2025-05-09 08:12:00,SELL,103569.69
2025-05-09 08:13:00,SELL,103439.8
2025-05-09 08:14:00,SELL,103523.33
2025-05-09 08:15:00,SELL,103592.12
2025-05-09 08:16:00,SELL,103566.94
2025-05-09 08:17:00,SELL,103526.73
2025-05-09 08:18:00,SELL,103563.88
2025-05-09 08:19:00,SELL,103574.72
2025-05-09 08:20:00,SELL,103659.54
2025-05-09 08:21:00,SELL,103652.51
2025-05-09 08:22:00,SELL,103759.98
2025-05-09 08:23:00,SELL,103813.82
2025-05-09 08:24:00,SELL,103805.0
2025-05-09 08:25:00,SELL,103754.31
2025-05-09 08:26:00,SELL,103729.33
2025-05-09 08:27:00,SELL,103776.41
2025-05-09 08:28:00,SELL,103888.89
2025-05-09 08:29:00,SELL,103623.08
2025-05-09 08:30:00,SELL,103622.43
2025-05-09 08:31:00,SELL,103835.53
2025-05-09 08:32:00,SELL,103791.21
2025-05-09 08:33:00,SELL,103779.11
2025-05-09 08:34:00,SELL,103810.47
2025-05-09 08:35:00,SELL,103727.96
2025-05-09 08:36:00,BUY,103679.99
2025-05-09 08:37:00,BUY,103547.86
2025-05-09 08:38:00,BUY,103386.51
2025-05-09 08:39:00,BUY,103285.72
2025-05-09 08:40:00,BUY,102843.3
2025-05-09 08:41:00,SELL,103049.05
2025-05-09 08:42:00,SELL,102830.68
2025-05-09 08:43:00,SELL,102795.54
2025-05-09 08:44:00,SELL,102752.3
2025-05-09 08:45:00,SELL,102835.25
2025-05-09 08:46:00,SELL,102964.85
2025-05-09 08:47:00,SELL,103019.63
2025-05-09 08:48:00,SELL,102984.01
2025-05-09 08:49:00,SELL,102865.74
2025-05-09 08:50:00,SELL,102945.99
2025-05-09 08:51:00,SELL,102960.75
2025-05-09 08:52:00,SELL,102988.59
2025-05-09 08:53:00,SELL,103010.0
2025-05-09 08:54:00,SELL,102988.62
2025-05-09 08:55:00,SELL,102968.25
2025-05-09 08:56:00,SELL,102811.54
2025-05-09 08:57:00,SELL,102905.6
2025-05-09 08:58:00,SELL,102942.08
2025-05-09 08:59:00,SELL,102968.25
2025-05-09 09:00:00,SELL,103000.8
2025-05-09 09:01:00,SELL,103021.77
2025-05-09 09:02:00,SELL,103033.99
2025-05-09 09:03:00,SELL,103144.55
2025-05-09 09:04:00,SELL,103205.07
2025-05-09 09:05:00,SELL,103216.53
2025-05-09 09:06:00,SELL,103128.82
2025-05-09 09:07:00,SELL,103006.6
2025-05-09 09:08:00,SELL,102875.41
2025-05-09 09:09:00,SELL,102874.8
2025-05-09 09:10:00,SELL,102769.24
2025-05-09 09:11:00,SELL,102661.92
2025-05-09 09:12:00,SELL,102764.89
2025-05-09 09:13:00,SELL,102685.99
2025-05-09 09:14:00,SELL,102638.22
2025-05-09 09:15:00,SELL,102560.8
2025-05-09 09:16:00,SELL,102712.0
2025-05-09 09:17:00,SELL,102808.28
2025-05-09 09:18:00,SELL,102922.81
2025-05-09 09:19:00,SELL,102940.19
